alt_folder	mra_file	name	setname	parent	mameversion	rbf	year	manufacturer
Bishoujo Senshi Sailor Moon	Bishoujo Senshi Sailor Moon (Version 95-03-21, Hong Kong).mra	Bishoujo Senshi Sailor Moon (Version 95/03/21, Hong Kong)	sailormnoh		0275	CaveBanpresto	1995	Gazelle (Banpresto license)
Bishoujo Senshi Sailor Moon	Bishoujo Senshi Sailor Moon (Version 95-03-21, Japan).mra	Bishoujo Senshi Sailor Moon (Version 95/03/21, Japan)	sailormnoj		0275	CaveBanpresto	1995	Gazelle (Banpresto license)
Bishoujo Senshi Sailor Moon	Bishoujo Senshi Sailor Moon (Version 95-03-21, Taiwan).mra	Bishoujo Senshi Sailor Moon (Version 95/03/21, Taiwan)	sailormnot		0275	CaveBanpresto	1995	Gazelle (Banpresto license)
Bishoujo Senshi Sailor Moon	Bishoujo Senshi Sailor Moon (Version 95-03-22, Hong Kong).mra	Bishoujo Senshi Sailor Moon (Version 95/03/22, Hong Kong)	sailormnnh		0275	CaveBanpresto	1995	Gazelle (Banpresto license)
Bishoujo Senshi Sailor Moon	Bishoujo Senshi Sailor Moon (Version 95-03-22, Japan).mra	Bishoujo Senshi Sailor Moon (Version 95/03/22, Japan)	sailormnnj		0275	CaveBanpresto	1995	Gazelle (Banpresto license)
Bishoujo Senshi Sailor Moon	Bishoujo Senshi Sailor Moon (Version 95-03-22, Taiwan).mra	Bishoujo Senshi Sailor Moon (Version 95/03/22, Taiwan)	sailormnnt		0275	CaveBanpresto	1995	Gazelle (Banpresto license)
Bishoujo Senshi Sailor Moon	Bishoujo Senshi Sailor Moon (Version 95-03-22B, Hong Kong).mra	Bishoujo Senshi Sailor Moon (Version 95/03/22B, Hong Kong)	sailormnh		0275	CaveBanpresto	1995	Gazelle (Banpresto license)
Bishoujo Senshi Sailor Moon	Bishoujo Senshi Sailor Moon (Version 95-03-22B, Taiwan).mra	Bishoujo Senshi Sailor Moon (Version 95/03/22B, Taiwan)	sailormnt		0275	CaveBanpresto	1995	Gazelle (Banpresto license)
Bishoujo Senshi Sailor Moon	Pretty Soldier Sailor Moon (Version 95-03-21, Europe).mra	Pretty Soldier Sailor Moon (Version 95/03/21, Europe)	sailormnoe		0289	CaveBanpresto	1995	Gazelle (Banpresto license)
Bishoujo Senshi Sailor Moon	Pretty Soldier Sailor Moon (Version 95-03-21, Korea).mra	Pretty Soldier Sailor Moon (Version 95/03/21, Korea)	sailormnok		0275	CaveBanpresto	1995	Gazelle (Banpresto license)
Bishoujo Senshi Sailor Moon	Pretty Soldier Sailor Moon (Version 95-03-21, USA).mra	Pretty Soldier Sailor Moon (Version 95/03/21, USA)	sailormnou		0275	CaveBanpresto	1995	Gazelle (Banpresto license)
Bishoujo Senshi Sailor Moon	Pretty Soldier Sailor Moon (Version 95-03-22, Europe).mra	Pretty Soldier Sailor Moon (Version 95/03/22, Europe)	sailormnne		0289	CaveBanpresto	1995	Gazelle (Banpresto license)
Bishoujo Senshi Sailor Moon	Pretty Soldier Sailor Moon (Version 95-03-22, Korea).mra	Pretty Soldier Sailor Moon (Version 95/03/22, Korea)	sailormnnk		0275	CaveBanpresto	1995	Gazelle (Banpresto license)
Bishoujo Senshi Sailor Moon	Pretty Soldier Sailor Moon (Version 95-03-22, USA).mra	Pretty Soldier Sailor Moon (Version 95/03/22, USA)	sailormnnu		0275	CaveBanpresto	1995	Gazelle (Banpresto license)
Bishoujo Senshi Sailor Moon	Pretty Soldier Sailor Moon (Version 95-03-22B, Europe).mra	Pretty Soldier Sailor Moon (Version 95/03/22B, Europe)	sailormne		0289	CaveBanpresto	1995	Gazelle (Banpresto license)
Bishoujo Senshi Sailor Moon	Pretty Soldier Sailor Moon (Version 95-03-22B, Korea).mra	Pretty Soldier Sailor Moon (Version 95/03/22B, Korea)	sailormnk		0275	CaveBanpresto	1995	Gazelle (Banpresto license)
Bishoujo Senshi Sailor Moon	Pretty Soldier Sailor Moon (Version 95-03-22B, USA).mra	Pretty Soldier Sailor Moon (Version 95/03/22B, USA)	sailormnu		0275	CaveBanpresto	1995	Gazelle (Banpresto license)
_ASO	Alpha Mission.mra	Alpha Mission	alphamis		0193	SNK_TripleZ80	1985	SNK
_ASO	Arian Mission.mra	Arian Mission	arian		0193	SNK_TripleZ80	1985	SNK
_Act Fancer	Act-Fancer (Japan rev 1).mra	Act-Fancer Cybernetick Hyper Weapon (Japan rev 1)	actfancrj		0264	ActFancer	1989	Data East Corporation
_Act Fancer	Act-Fancer (World rev 1).mra	Act-Fancer Cybernetick Hyper Weapon (World rev 1)	actfancr1		0264	ActFancer	1989	Data East Corporation
_Act Fancer	Act-Fancer (World rev 2).mra	Act-Fancer Cybernetick Hyper Weapon (World rev 2)	actfancr2		0264	ActFancer	1989	Data East Corporation
_Air Assault	Fire Barrel (Japan).mra	Fire Barrel (Japan)	firebarr	airass	0245	IremM107	1993	Irem
_Air Duel	Air Duel (Japan, M72 hardware).mra	Air Duel (Japan, M72 hardware)	airdueljm72	airduel	0248	IremM72	1990	Irem
_Air Gallet	Air Gallet (Hong Kong).mra	Air Gallet (Hong Kong)	agalleth		0275	CaveBanpresto	1996	Gazelle (Banpresto license)
_Air Gallet	Air Gallet (Korea).mra	Air Gallet (Korea)	agalletk		0275	CaveBanpresto	1996	Gazelle (Banpresto license)
_Air Gallet	Air Gallet (Taiwan).mra	Air Gallet (Taiwan)	agallett		0275	CaveBanpresto	1996	Gazelle (Banpresto license)
_Air Gallet	Air Gallet (USA).mra	Air Gallet (USA)	agalletu		0275	CaveBanpresto	1996	Gazelle (Banpresto license)
_Air Gallet	Air Gallet (older, Europe).mra	Air Gallet (older, Europe)	agalleta		0275	CaveBanpresto	1996	Gazelle (Banpresto license)
_Air Gallet	Air Gallet (older, Hong Kong).mra	Air Gallet (older, Hong Kong)	agalletah		0275	CaveBanpresto	1996	Gazelle (Banpresto license)
_Air Gallet	Air Gallet (older, Korea).mra	Air Gallet (older, Korea)	agalletak		0275	CaveBanpresto	1996	Gazelle (Banpresto license)
_Air Gallet	Air Gallet (older, Taiwan).mra	Air Gallet (older, Taiwan)	agalletat		0275	CaveBanpresto	1996	Gazelle (Banpresto license)
_Air Gallet	Air Gallet (older, USA).mra	Air Gallet (older, USA)	agalletau		0275	CaveBanpresto	1996	Gazelle (Banpresto license)
_Air Gallet	Akuu Gallet (Japan).mra	Akuu Gallet (Japan)	agalletj		0275	CaveBanpresto	1996	Gazelle (Banpresto license)
_Air Gallet	Akuu Gallet (older, Japan).mra	Akuu Gallet (older, Japan)	agalletaj		0275	CaveBanpresto	1996	Gazelle (Banpresto license)
_Ali Baba and 40 Thieves	Mustafa and 40 Thieves (bootleg).mra	Mustafa and 40 Thieves	alibabab	alibaba	0218	pacman	1982	bootleg
_Amidar	Mandinga (Artemi bootleg of Amidar).mra	Mandinga	mandinga	amidar	0218	scramble	1982	Konami
_Arkanoid	Arkanoid (Game Corporation bootleg, set 1).mra	Arkanoid	arkangc	arkanoid	0218	arkanoid	1986	Taito
_Arkanoid	Arkanoid (Game Corporation bootleg, set 2).mra	Arkanoid	arkangc2	arkanoid	0218	arkanoid	1986	Taito
_Arkanoid	Arkanoid (JP).mra	Arkanoid	arkanoidj	arkanoid	0220	arkanoid	1986	Taito
_Arkanoid	Arkanoid (Tayto bootleg, harder).mra	Arkanoid	arktayt2	arkanoid	0218	arkanoid	1986	Taito
_Arkanoid	Arkanoid (Tayto) [bl].mra	Arkanoid	arkatayt	arkanoid	0220	arkanoid	1986	Taito
_Arkanoid	Arkanoid (US, Older).mra	Arkanoid	arkanoiduo	arkanoid	0220	arkanoid	1986	Taito
_Arkanoid	Arkanoid (Unl. Lives, slower) [hb].mra	Arkanoid	arkanoid	arkanoid	0220	arkanoid	1986	Taito
_Arkanoid	Arkanoid (Unl. lives) [hb].mra	Arkanoid	arkanoid	arkanoid	0220	arkanoid	1986	Taito
_Arkanoid	Arkanoid (US).mra	Arkanoid (US, older)	arkanoid	arkanoid	0220	arkanoid	1986	Taito
_Arkanoid	Block (Game Corporation bootleg, set 1).mra	Block	arkblock	arkanoid	0218	arkanoid	1986	Taito
_Arkanoid	Block (Game Corporation bootleg, set 2).mra	Block	arkbloc2	arkanoid	0218	arkanoid	1986	Taito
_Armored Car	Armored Car (set 2).mra	Armored Car	armorcar2	armorcar	0218	scramble	1981	Stern
_Asteroids	Aerolitos (Spanish bootleg of Asteroids).mra	Aerolitos	aerolitos	Asteroids	0218	asteroids	1980	Atari
_Asteroids	Asterock (Sidam bootleg of Asteroids).mra	Asterock	asterock	Asteroids	0218	asteroids	1979	Atari
_Asteroids	Asterock (Videotron bootleg of Asteroids).mra	Asterock	asterockv	Asteroids	0218	asteroids	1979	Atari
_Asteroids	Asteroids (Six-Bullet Hack) - HBMame.mra	Asteroids	asteroid6	Asteroids	0217	asteroids	1979	Atari
_Asteroids	Asteroids (rev 1).mra	Asteroids	asteroid1	Asteroids	0218	asteroids	1979	Atari
_Asteroids	Asteroids (rev 2).mra	Asteroids	asteroid2	Asteroids	0218	asteroids	1979	Atari
_Asteroids	Hyperspace (bootleg of Asteroids).mra	Hyperspace (bootleg of Asteroids)	hyperspc	Asteroids	0218	asteroids	1979	Atari
_Asteroids	Meteor (bootleg of Asteroids).mra	Meteor	meteorho	Asteroids	0218	asteroids	1979	Atari
_Asteroids	Meteorite (Proel bootleg of Asteroids).mra	Meteor	meteorite	Asteroids	0218	asteroids	1979	Atari
_Asteroids	Meteorites (VGG bootleg of Asteroids).mra	Meteor	meteorts	Asteroids	0218	asteroids	1979	Atari
_Asteroids	Space Rocks (Spanish clone of Asteroids).mra	Space Rocks	spcrocks	Asteroids	0218	asteroids	1981	Atari
_Asteroids	Starslayer (hack of Asteroids (rev 2)) - HBMame.mra	Starslayer	starslayer	Asteroids	0217	asteroids	1979	Atari
_Asteroids Deluxe	Asteroids Deluxe (Unknown Revision) [h] - HBMame.mra	Asteroids Deluxe	astdelux4	astdelux	0217	asteroidsdeluxe	1980	Atari
_Asteroids Deluxe	Asteroids Deluxe (rev 1).mra	Asteroids Deluxe	astdelux1	astdelux	0218	asteroidsdeluxe	1980	Atari
_Asteroids Deluxe	Asteroids Deluxe (rev 2).mra	Asteroids Deluxe	astdelux2	astdelux	0218	asteroidsdeluxe	1980	Atari
_Athena	Athena_Screen_Flip_Fix_ROM_Patch.mra	Athena	athenaff		0193	Athena	1986	SNK
_Athena	Athena_bootleg.mra	Athena (bootleg)	athenab		0193	Athena	1986	SNK
_Athena	Super_Athena.mra	Super Athena (bootleg)	sathena		0193	Athena	1987	bootleg
_Bagman	Bagman (Stern Electronics, set 1).mra	Bagman	bagmans	bagman	0218	bagman	1982	Valadon Automation
_Bagman	Bagman (Stern Electronics, set 2).mra	Bagman	bagmans2	bagman	0218	bagman	1982	Valadon Automation
_Bagman	Bagman (Taito).mra	Bagman	bagmanj	bagman	0218	bagman	1982	Valadon Automation
_Bagman	Bagman Turbo (Stern set 1) [c] - HBMame.mra	Bagman Turbo	bagturbo	bagman	0217	bagman	1991	Valadon Automation
_Bagman	Le Bagnard (Itisa, Spain).mra	Le Bagnard	bagnardi	bagnard	0218	bagman	1982	Valadon Automation
_Bagman	Le Bagnard (set 1).mra	Le Bagnard	bagnard	bagnard	0218	bagman	1982	Valadon Automation
_Bagman	Le Bagnard (set 2).mra	Le Bagnard	bagnarda	bagnard	0218	bagman	1982	Valadon Automation
_Battle Zone	Battle Zone rev 1.mra	Battle Zone (rev 1)	bzonea		0226	BattleZone	1980	Atari
_Berzerk	Berzerk (French Speech, revision RC31).mra	Berzerk	berzerkf	berzerk	0218	berzerk	1980	Stern
_Berzerk	Berzerk (German Speech, revision RC32).mra	Berzerk	berzerkg	berzerk	0218	berzerk	1980	Stern
_Berzerk	Berzerk (Spanish Speech, revision RC32).mra	Berzerk	berzerks	berzerk	0218	berzerk	1980	Stern
_Berzerk	Berzerk (revision RC28).mra	Berzerk	berzerkb	berzerk	0218	berzerk	1980	Stern
_Berzerk	Berzerk (revision RC31).mra	Berzerk	berzerka	berzerk	0218	berzerk	1980	Stern
_Blade Master	Cross Blades! (Japan).mra	Cross Blades! (Japan)	crossbld	bmaster	0245	IremM92	1991	Irem
_Blood Bros	Blood Bros (Japan rev A).mra	Blood Bros (Japan rev A)	bloodbroj		0264	BloodBros	1990	TAD Corporation
_Blood Bros	Blood Bros (Japan).mra	Blood Bros (Japan)	bloodbroja		0264	BloodBros	1990	TAD Corporation
_Blood Bros	Blood Bros (Korea).mra	Blood Bros (Korea)	bloodbrok		0264	BloodBros	1990	TAD Corporation
_Blood Bros	Blood Bros (US).mra	Blood Bros (US)	bloodbrou		0264	BloodBros	1990	TAD Corporation (Fabtek license)
_Blue Print	Blue Print (Japan).mra		blueprntj	blueprnt	0220	BluePrint	1982	Zilec Electronics / Bally Midway
_Bomb Jack	Bomb Jack (Bootleg) - HBMame.mra	Bomb Jack	bombjckb	bombjack	0217	bombjack	1984	Tehkan
_Bomb Jack	Bomb Jack (Greek) - HBMame.mra	Bomb Jack	bmbjckgr	bombjack	0217	bombjack	1984	Tehkan
_Bomb Jack	Bomb Jack (Red) - HBMame.mra	Bomb Jack	bombjred	bombjack	0217	bombjack	2008	Tehkan
_Bomb Jack	Bomb Jack (Translation Chinese) - HBMame.mra	Bomb Jack	bombjacks01	bombjack	0217	bombjack	1984	Tehkan
_Bomb Jack	Bomb Jack (set 2).mra	Bomb Jack	bombjack2	bombjack	0218	bombjack	1984	Tehkan
_Bomber Man	Atomic Punk (US).mra	Atomic Punk (US)	atompunk	dynablst	0245	IremM90	1991	Irem
_Bomber Man	Bomber Man (Japan).mra	Bomber Man (Japan)	bombrman	dynablst	0245	IremM90	1991	Irem
_Bomber Man World	Bomber Man World (Japan).mra	Bomber Man World (Japan)	bbmanwj		0245	IremM90	1992	Irem
_Bomber Man World	Bomber Man World (Japan, revised sound hardware).mra	Bomber Man World (Japan, revised sound hardware)	bbmanwja		0245	IremM90	1992	Irem
_Bomber Man World	New Atomic Punk - Global Quest (US).mra	New Atomic Punk - Global Quest (US)	newapunk	bbmanw	0245	IremM90	1992	Irem
_Boogie Wings	Boogie Wings (Asia v1.5, 92.12.07).mra	Boogie Wings (Asia v1.5, 92.12.07)	boogwinga		0264	BoogieWings	1992	Data East Corporation
_Boogie Wings	Boogie Wings (USA v1.7, 92.12.14).mra	Boogie Wings (USA v1.7, 92.12.14)	boogwingu		0264	BoogieWings	1992	Data East Corporation
_Boogie Wings	The Great Ragtime Show (Japan v1.3, 92.11.26).mra	The Great Ragtime Show (Japan v1.3, 92.11.26)	ragtimea		0264	BoogieWings	1992	Data East Corporation
_Boogie Wings	The Great Ragtime Show (Japan v1.5, 92.12.07).mra	The Great Ragtime Show (Japan v1.5, 92.12.07)	ragtime		0264	BoogieWings	1992	Data East Corporation
_Bosconian	Bosconian - Star Destroyer (Midway, new version).mra	Bosconian - Star Destroyer	boscomd	bosco	0220	bosconian	1981	Namco
_Botanic	Botanic (French).mra	Botanic	botanicf	botanic	0218	bagman	1984	Itisa
_Bubbles	Bubbles (Solid Red label).mra	Bubbles	bubblesr	bubbles	0218	robotron	1982	Williams
_Bubbles	Bubbles (prototype version).mra	Bubbles	bubblesp	bubbles	0218	robotron	1982	Williams
_Burger Time	Burger Time (Data East set 2).mra	Burger Time	btime2	btime	0220	burgertime	1982	Data East
_Burning Rubber	Bump 'n' Jump (Midway).mra	Bump 'n' Jump	bnjm	bnj	0218	burningrubber	1982	Data East
_Burning Rubber	Bump 'n' Jump Reverse Mod - HBMame.mra	Bump 'n' Jump	bnjr	bnj	0217	burningrubber	2002	Data East
_Burning Rubber	Bump 'n' Jump.mra	Bump 'n' Jump	bnj	bnj	0218	burningrubber	1982	Data East
_Burning Rubber	Car Action (set 1).mra	Car Action	caractn		0218	burningrubber	1982	bootleg
_Burning Rubber	Car Action (set 2).mra	Car Action	caractn2	caractn	0218	burningrubber	1982	bootleg
_Cameltry	Cameltry (Japan, YM2610).mra	Cameltry (Japan, YM2610)	cameltryj	cameltry	277	TaitoF2	1989	Taito Corporation
_Cameltry	Cameltry (US, YM2610).mra	Cameltry (US, YM2610)	cameltryu	cameltry	277	TaitoF2	1989	Taito America Corporation
_Centipede	Astropede - HBMame.mra	Astropede	astroped	centiped	0217	centipede	2002	Atari
_Centipede	Astropede II - HBMame.mra	Astropede II	astropd2	centiped	0217	centipede	2002	Atari
_Centipede	Cemescary - HBMame.mra	Cemescary	cemescry	centiped	0218	centipede	1998	Atari
_Centipede	Centipede (revision 1).mra	Centipede	centiped1	centiped	0218	centipede	1980	Atari
_Centipede	Centipede (revision 2).mra	Centipede	centiped2	centiped	0218	centipede	1980	Atari
_Centipede	Centipede (revision 3).mra	Centipede	centiped3	centiped	0218	centipede	1980	Atari
_Centipede	Centipede Dux (hack).mra	Centipede Dux	centipdd	centiped	0220	centipede	1989	Atari
_Centipede	Killipede - HBMame.mra	Killipede	killiped	centiped	0217	centipede	1998	Atari
_Centipede	Pacipede - HBMame.mra	Pacipede	pacipede	centiped	0217	centipede	2000	Namco
_Centipede	Vectipede - HBMame.mra	Vectipede	vectiped	centiped	0217	centipede	1998	Atari
_Centipede	Vectorpede - HBMame.mra	Vectorpede	vectrped	centiped	0217	centipede	1998	Atari
_China Gate	China Gate - Sai Yu Gou Ma Roku (JP).mra	Sai Yu Gou Ma Roku (JP)	saiyugou		0264	ChinaGate	1988	Technos Japan
_City Connection	City Connection (Cruisin).mra	City Connection (Cruisin)	cruisin		0264	CityConnection	1985	Jaleco (Kitkorp license)
_City Connection	City Connection (set 2).mra	City Connection (set 2)	citycona		0264	CityConnection	1985	Jaleco
_Colony 7	Colony 7 (set 2).mra	Colony 7	colony7a	colony7	0218	defender	1981	Taito
_Crazy Climber	Crazy Climber (US set 2).mra	Crazy Climber	cclimbera	cclimber	0218	crazyclimber	1980	Nichibutsu
_Crazy Kong	Big Kong.mra	Big Kong	bigkong	ckong	0224	crazykong	1981	Falcon
_Crazy Kong	Crazy Kong (Orca Bootleg) [bl].mra	Crazy Kong	ckongo	ckong	0223	crazykong	1981	Falcon
_Crazy Kong	Crazy Kong (Orca bootleg).mra	Crazy Kong (Orca bootleg)	ckongo		0224	CrazyKong	1981	bootleg (Orca)
_Crazy Kong	Crazy Kong Part II (Graphic Fix) - HBMame.mra	Crazy Kong Part II	ckongfix	ckong	0217	crazykong	1981	Falcon
_Crazy Kong	Crazy Kong Part II (Japan).mra	Crazy Kong Part II	ckongpt2j	ckongpt2	0218	crazykong	1981	Falcon
_Crazy Kong	Crazy Kong Part II (Jeutel bootleg).mra	Crazy Kong Part II	ckongpt2jeu	ckongpt2	0218	crazykong	1981	Falcon
_Crazy Kong	Crazy Kong Part II (Set 2) HBMame.mra	Crazy Kong Part II	ckong3a	ckong3	0218	crazykong	1981	Falcon
_Crazy Kong	Crazy Kong Part II (bootleg).mra	Crazy Kong Part II	ckongpt2b2	ckongpt2	0218	crazykong	1981	Falcon
_Crazy Kong	Crazy Kong Part II (set 2).mra	Crazy Kong Part II	ckongpt2a	ckongpt2	0218	crazykong	1981	Falcon
_Crazy Kong	Crazy Kong Part II -1 - HBMame.mra	Crazy Kong Part II	ckonga2	ckong	0217	crazykong	1981	Falcon
_Crazy Kong	Crazy Kong Part II -2 - HBMame.mra	Crazy Kong Part II -2 - HBMame	ckonga3		0217	crazykong	1981	bootleg
_Crazy Kong	Donkey Kong (Spanish Crazy Kong bootleg).mra	Donkey Kong (Spanish Crazy Kong bootleg)	ckongdks		0224	CrazyKong	1981	bootleg
_Crazy Kong Part II	Crazy Kong Part II (alternative levels).mra	Crazy Kong Part II (alternative levels)	ckongpt2b	ckongpt2	0224	crazykong	1981	bootleg
_Darius	Darius (Japan).mra	Darius (Japan)	dariuso		0264	Darius	1986	Taito Corporation
_Darius	Darius (Japan, rev 1).mra	Darius (Japan, rev 1)	dariusj		0264	Darius	1986	Taito Corporation
_Darius	Darius (US).mra	Darius (US)	dariusu		0264	Darius	1987	Taito America Corporation
_Darius	Darius Extra Version (Japan).mra	Darius Extra Version (Japan)	dariuse		0264	Darius	1986	Taito Corporation
_Darius II	Darius II (Japan, dual screen, rev 1).mra	Darius II (Japan, dual screen, rev 1)	darius2do		0264	Darius2WarriorBlade	1989	Taito Corporation
_Darius II	Darius II (Japan, dual screen, rev 2).mra	Darius II (Japan, dual screen, rev 2)	darius2d		0264	Darius2WarriorBlade	1989	Taito Corporation
_Darius II	Sagaia (World, dual screen).mra	Sagaia (World, dual screen)	sagaia		0264	Darius2WarriorBlade	1989	Taito Corporation
_Dark Planet	Dark Planet (bkg).mra	Dark Planet	darkplnt	darkplnt	0209	scramble	1982	Stern
_Dead Connection	Dead Connection (Japan).mra	Dead Connection (Japan)	deadconxj	deadconx	277	TaitoF2	1992	Taito Corporation
_Decathlete	Decathlete (JUET 960424 V1.000).mra		decathlto		277	ST-V	1996	Sega
_Demon Front	Demon Front (ver. 102).mra	Demon Front (ver. 102)	dmnfrnt102		288	IGSPGM		
_Demon Front	Demon Front (ver. 103).mra	Demon Front (ver. 103)	dmnfrnt103		288	IGSPGM		
_Die Hard Arcade	Dynamite Deka (J 960515 V1.000).mra		dnmtdeka		277	ST-V	1996	Sega
_Dig Dug	Dig Dug (Atari, rev 1).mra	Dig Dug	digdugat1	digdug	0218	digdug	1982	Namco
_Dig Dug	Dig Dug (Atari, rev 2).mra	Dig Dug	digdugat	digdug	0218	digdug	1982	Namco
_Dig Dug	Dig Dug (manufactured by Sidam).mra	Dig Dug	digsid	digdug	0218	digdug	1982	Namco
_Dig Dug	Dig Dug (rev 1).mra	Dig Dug	digdug1	digdug	0218	digdug	1982	Namco
_Dig Dug II	Dig Dug II (Old Ver.).mra	Dig Dug II	digdug2o	digdug2	0218	druaga	1985	Namco
_Dino Rex	Dino Rex (Japan).mra	Dino Rex (Japan)	dinorexj	dinorex	277	TaitoF2	1992	Taito Corporation
_Dino Rex	Dino Rex (US).mra	Dino Rex (US)	dinorexu	dinorex	277	TaitoF2	1992	Taito America Corporation
_Discs of Tron	Discs of Tron (Upright alternate).mra	Discs of Tron	dotrona	dotron	0218	mcr3	1983	Bally
_DoDonPachi	DoDonPachi (Arrange).mra	DoDonPachi (20120212 Arrange Ver. 1.1)	ddonpacha		0226	cave	2012	Hack (trap15)
_DoDonPachi	DoDonPachi (Japan).mra	DoDonPachi (Japan)	ddonpachj		0226	cave	1997	CAVE
_DoDonPachi	DoDonPachi Trainer (Japan).mra	DoDonPachi Trainer (Japan)	ddonpachjt		0226	cave	1997	CAVE
_DoDonPachi II - Bee Storm	DoDonPachi - Feng Bao (China, ver. 100).mra	DoDonPachi - Feng Bao (China, ver. 100)	ddp2100c		288	IGSPGM		
_DoDonPachi II - Bee Storm	DoDonPachi - Feng Bao (China, ver. 101).mra	DoDonPachi - Feng Bao (China, ver. 101)	ddp2101c		288	IGSPGM		
_DoDonPachi II - Bee Storm	DoDonPachi - Feng Bao (China, ver. 102).mra	DoDonPachi - Feng Bao (China, ver. 102)	ddp2c		288	IGSPGM		
_DoDonPachi II - Bee Storm	DoDonPachi - Feng Bao (Taiwan, ver. 100).mra	DoDonPachi - Feng Bao (Taiwan, ver. 100)	ddp2100t		288	IGSPGM		
_DoDonPachi II - Bee Storm	DoDonPachi - Feng Bao (Taiwan, ver. 101).mra	DoDonPachi - Feng Bao (Taiwan, ver. 101)	ddp2101t		288	IGSPGM		
_DoDonPachi II - Bee Storm	DoDonPachi - Feng Bao (Taiwan, ver. 102).mra	DoDonPachi - Feng Bao (Taiwan, ver. 102)	ddp2t		288	IGSPGM		
_DoDonPachi II - Bee Storm	DoDonPachi II (Japan, ver. 100).mra	DoDonPachi II (Japan, ver. 100)	ddp2100j		288	IGSPGM		
_DoDonPachi II - Bee Storm	DoDonPachi II (Japan, ver. 101).mra	DoDonPachi II (Japan, ver. 101)	ddp2101j		288	IGSPGM		
_DoDonPachi II - Bee Storm	DoDonPachi II (Japan, ver. 102).mra	DoDonPachi II (Japan, ver. 102)	ddp2j		288	IGSPGM		
_DoDonPachi II - Bee Storm	DoDonPachi II - Bee Storm (Korea, ver. 100).mra	DoDonPachi II - Bee Storm (Korea, ver. 100)	ddp2100k		288	IGSPGM		
_DoDonPachi II - Bee Storm	DoDonPachi II - Bee Storm (Korea, ver. 101).mra	DoDonPachi II - Bee Storm (Korea, ver. 101)	ddp2101k		288	IGSPGM		
_DoDonPachi II - Bee Storm	DoDonPachi II - Bee Storm (Korea, ver. 102).mra	DoDonPachi II - Bee Storm (Korea, ver. 102)	ddp2k		288	IGSPGM		
_DoDonPachi II - Bee Storm	DoDonPachi II - Bee Storm (World, ver. 100).mra	DoDonPachi II - Bee Storm (World, ver. 100)	ddp2100		288	IGSPGM		
_DoDonPachi II - Bee Storm	DoDonPachi II - Bee Storm (World, ver. 101).mra	DoDonPachi II - Bee Storm (World, ver. 101)	ddp2101		288	IGSPGM		
_DoDonPachi II - Bee Storm	DoDonPachi II - Fung Bou (Hong Kong, ver. 100).mra	DoDonPachi II - Fung Bou (Hong Kong, ver. 100)	ddp2100hk		288	IGSPGM		
_DoDonPachi II - Bee Storm	DoDonPachi II - Fung Bou (Hong Kong, ver. 101).mra	DoDonPachi II - Fung Bou (Hong Kong, ver. 101)	ddp2101hk		288	IGSPGM		
_DoDonPachi II - Bee Storm	DoDonPachi II - Fung Bou (Hong Kong, ver. 102).mra	DoDonPachi II - Fung Bou (Hong Kong, ver. 102)	ddp2hk		288	IGSPGM		
_DoDonPachi III	DoDonPachi Dai-Ou-Jou (Japan, 2002.04.05 Master Ver).mra	DoDonPachi Dai-Ou-Jou (Japan, 2002.04.05 Master Ver)	ddpdojb		288	IGSPGM		
_DoDonPachi III	DoDonPachi Dai-Ou-Jou (Japan, 2002.04.05.Master Ver, 68k Label V100).mra	DoDonPachi Dai-Ou-Jou (Japan, 2002.04.05.Master Ver, 68k Label V100)	ddpdoja		288	IGSPGM		
_DoDonPachi III	DoDonPachi Dai-Ou-Jou (Japan, 2002.04.05.Master Ver, 68k Label V101).mra	DoDonPachi Dai-Ou-Jou (Japan, 2002.04.05.Master Ver, 68k Label V101)	ddpdoj		288	IGSPGM		
_DoDonPachi III	DoDonPachi Dai-Ou-Jou Black Label (Japan, 2002.10.07 Black Ver).mra	DoDonPachi Dai-Ou-Jou Black Label (Japan, 2002.10.07 Black Ver)	ddpdojblkb		288	IGSPGM		
_DoDonPachi III	DoDonPachi Dai-Ou-Jou Black Label (Japan, 2002.10.07 Black Ver., bootleg Knights of Valour Super Heroes conversion).mra	DoDonPachi Dai-Ou-Jou Black Label (Japan, 2002.10.07 Black Ver., bootleg Knights of Valour Super Heroes conversion)	ddpdojblkbl		288	IGSPGM		
_DoDonPachi III	DoDonPachi Dai-Ou-Jou Black Label (Japan, 2002.10.07.Black Ver, newer).mra	DoDonPachi Dai-Ou-Jou Black Label (Japan, 2002.10.07.Black Ver, newer)	ddpdojblk		288	IGSPGM		
_DoDonPachi III	DoDonPachi Dai-Ou-Jou Black Label (Japan, 2002.10.07.Black Ver, older).mra	DoDonPachi Dai-Ou-Jou Black Label (Japan, 2002.10.07.Black Ver, older)	ddpdojblka		288	IGSPGM		
_Don Doko Don	Don Doko Don (Japan, rev 1).mra	Don Doko Don (Japan, rev 1)	dondokodj	dondokod	277	TaitoF2	1989	Taito Corporation
_Don Doko Don	Don Doko Don (US, rev 1).mra	Don Doko Don (US, rev 1)	dondokodu	dondokod	277	TaitoF2	1989	Taito America Corporation
_DonPachi	DonPachi (Hong Kong).mra	DonPachi (Hong Kong)	donpachihk		0226	cave	1995	CAVE
_DonPachi	DonPachi (Japan).mra	DonPachi (Japan)	donpachij		0226	cave	1995	CAVE
_DonPachi	DonPachi (Japan, Satsuei version).mra	DonPachi (Japan, Satsuei version)	donpachijs		0226	cave	1995	CAVE
_DonPachi	DonPachi (Korea).mra	DonPachi (Korea)	donpachikr		0226	cave	1995	CAVE
_Donkey Kong	Donkey Kong (2 marios) - HBMame.mra	Donkey Kong	dkong2m	dkong	0217	donkeykong	1981	Nintendo
_Donkey Kong	Donkey Kong (2600 graphics) - HBMame.mra	Donkey Kong	kong2600	dkong	0217	donkeykong	1981	Nintendo
_Donkey Kong	Donkey Kong (Japan set 1).mra	Donkey Kong	dkongj	dkong	0218	donkeykong	1981	Nintendo
_Donkey Kong	Donkey Kong (Japan set 2).mra	Donkey Kong	dkongjo	dkong	0218	donkeykong	1981	Nintendo
_Donkey Kong	Donkey Kong (Japan set 3).mra	Donkey Kong	dkongjo1	dkong	0218	donkeykong	1981	Nintendo
_Donkey Kong	Donkey Kong (Pacman graphics) - HBMame.mra	Donkey Kong	dkongpac	dkong	0217	donkeykong	1981	Nintendo
_Donkey Kong	Donkey Kong (Spanish, Crazy Kong) [bl].mra	Donkey Kong	ckongdks	ckong	0224	crazykong	1981	Nintendo
_Donkey Kong	Donkey Kong (US set 1 with barrel control coloring) - HBMame.mra	Donkey Kong	dkongbcc	dkong	0217	donkeykong	1981	Nintendo
_Donkey Kong	Donkey Kong (US set 2).mra	Donkey Kong	dkongo	dkong	0218	donkeykong	1981	Nintendo
_Donkey Kong	Donkey Kong (hard kit).mra	Donkey Kong	dkonghrd	dkong	0218	donkeykong	1981	Nintendo
_Donkey Kong	Donkey Kong (patched) - HBMame.mra	Donkey Kong	dkongp	dkong	0217	donkeykong	1981	Nintendo
_Donkey Kong	Donkey Kong Pauline Edition Rev 5 (2013-04-22).mra	Donkey Kong	dkongpe	dkong	0218	donkeykong	1981	Nintendo
_Donkey Kong	Donkey Kong Remix demo 1.8 - HBMame.mra	Donkey Kong	dkrdemo	dkong	0217	donkeykong	1981	Nintendo
_Donkey Kong	Donkey Kong 3 [bl].mra	Donkey Kong 3	dkong3b	dkong3	0217	donkeykong	1984	Bootleg
_Donkey Kong	Donkey Kong Foundry (hack).mra	Donkey Kong Foundry	dkongf	dkong	0218	donkeykong	1981	Nintendo
_Donkey Kong	Donkey Kong Foundry - HBMame.mra	Donkey Kong Foundry	dkongex	dkong	0217	donkeykong	1981	Nintendo
_Donkey Kong	Donkey Kong Freerun Edition - HBMame.mra	Donkey Kong Freerun Edition	dkfreerun	dkong	0217	donkeykong	1981	Nintendo
_Donkey Kong	Donkey Kong Pace - HBMame.mra	Donkey Kong Pace	dkpace	dkong	0217	donkeykong	1981	Nintendo
_Donkey Kong	Donkey Kong Reverse - HBMame.mra	Donkey Kong Reverse	dkongrev	dkong	0217	donkeykong	1981	Nintendo
_Donkey Kong	Donkey Kong Trainer 1.01 - HBMame.mra	Donkey Kong Trainer	dktrainer	dkong	0217	donkeykong	1981	Nintendo
_Donkey Kong	Naked Donkey Kong - HBMame.mra	Naked Donkey Kong	nadkong	dkong	0217	donkeykong	1981	Nintendo
_Donkey Kong	Rainbow Donkey Kong - HBMame.mra	Rainbow Donkey Kong	dkrainbow	dkong	0217	donkeykong	1981	Nintendo
_Donkey Kong 3	Donkey Kong 3 (Japan).mra	Donkey Kong 3	dkong3j	dkong3	0220	donkeykong3	1983	Nintendo
_Donkey Kong Junior	Donkey Kong Jr. (Japan).mra	Donkey Kong Jr. (Japan)	dkongjrj	dkongjr	0217	donkeykongjunior	1982	Nintendo
_Dorodon	Dorodon (set 2).mra	Dorodon	dorodon2	dorodon	0218	dorodon	1982	UPL
_Dottori-Kun	Dottori-Kun (old).mra	Dottori-Kun	dotrikun2		0225	DottoriKun	1990	Sega
_Dottori-Kun	Dottori-Man Jr.mra	Dottori-Man Jr	dotriman		0225	DottoriKun	2016	Chris Covell
_Dragon World 3	Chuugokuryuu 3 Special (Japan, ver. 100).mra	Chuugokuryuu 3 Special (Japan, ver. 100)	drgw3100		288	IGSPGM		
_Dragon World 3	Chuugokuryuu 3 Special (Japan, ver. 103).mra	Chuugokuryuu 3 Special (Japan, ver. 103)	drgw3103		288	IGSPGM		
_Dragon World 3	Dragon World 3 (ver. 105).mra	Dragon World 3 (ver. 105)	drgw3105		288	IGSPGM		
_Dragon World 3 EX	Dragon World 3 EX (ver. 101CN).mra	Dragon World 3 EX (ver. 101CN)	dwex101cn		288	IGSPGM		
_Dream Soccer '94	Dream Soccer '94 (Japan, M92 hardware).mra	Dream Soccer '94 (Japan, M92 hardware)	dsoccr94j	dsoccr94	0245	IremM92	1994	Irem
_Dream Soccer '94	Dream Soccer '94 (Korea, M107 hardware).mra	Dream Soccer '94 (Korea, M107 hardware)	dsoccr94k		0245	IremM107	1994	Irem
_Drift Out	Drift Out (Europe, Cameltry conversion).mra	Drift Out (Europe, Cameltry conversion)	driftoutct	driftout	277	TaitoF2	1991	Visco
_Drift Out	Drift Out (Japan).mra	Drift Out (Japan)	driftoutj	driftout	277	TaitoF2	1991	Visco
_ESP Ra.De	ESP Ra.De. (Free Play).mra	ESP Ra.De.	esprade_fp		0226	cave	1998	CAVE
_ESP Ra.De	ESP Ra.De. (Japan Free Play).mra	ESP Ra.De. (Japan)	espradej_fp		0226	cave	1998	CAVE
_ESP Ra.De	ESP Ra.De. (Japan).mra	ESP Ra.De. (Japan)	espradej		0226	cave	1998	CAVE
_ESP Ra.De	ESP Ra.De. (Japan, 1998 4_14 Master Ver.).mra	ESP Ra.De. (Japan, 1998 4/14 Master Ver.)	espradejo		0226	cave	1998	CAVE
_Espgaluda	Espgaluda (2003.10.15 Master Ver, bootleg cartridge conversion).mra	Espgaluda (2003/10/15 Master Ver, bootleg cartridge conversion)	espgalbl		288	IGSPGM		
_Euro Champ '92	Euro Champ '92 (Japan).mra	Euro Champ '92 (Japan)	euroch92j	euroch92	277	TaitoF2	1992	Taito Corporation Japan
_Eyes	Eyes (Italy).mra	Eyes	eyeszac	eyes	0218	pacman	1982	Techstar
_Eyes	Eyes (US set 2).mra	Eyes	eyes2	eyes	0218	pacman	1982	Techstar
_Fever SOS	Dangun Feveron.mra	Dangun Feveron	dfeveron		0226	cave	1998	CAVE
_Final Blow	Final Blow (Japan).mra	Final Blow (Japan)	finalbj	finalb	277	TaitoF2	1988	Taito Corporation
_Final Blow	Final Blow (US, rev 1).mra	Final Blow (US, rev 1)	finalbu	finalb	277	TaitoF2	1988	Taito America Corporation
_Final Fight Revenge	Final Fight Revenge - Final Revenge (JUET 990714 V1.000).mra		ffrevng10		277	ST-V	1999	Capcom
_Finalizer - Super Transformation	Finalizer - Super Transformation (Set 2) [bl].mra	Finalizer: Super Transformation	finalizrb	finalizr	0240	Finalizer	1986	Konami
_Finalizer - Super Transformation	Finalizer - Super Transformation (Set 2).mra	Finalizer: Super Transformation	finalizra	finalizr	0240	Finalizer	1985	Konami
_Food Fight	Food Fight (cocktail).mra	Food Fight	foodfc	foodf	0218	foodfight	1982	General Computer Corporation
_Food Fight	Food Fight (rev 1).mra	Food Fight	foodf1	foodf	0218	foodfight	1982	General Computer Corporation
_Food Fight	Food Fight (rev 2).mra	Food Fight	foodf2	foodf	0218	foodfight	1982	General Computer Corporation
_Football Champ	Hat Trick Hero (Japan).mra	Hat Trick Hero (Japan)	htheroj	footchmp	277	TaitoF2	1990	Taito Corporation
_Football Champ	Hat Trick Hero (US).mra	Hat Trick Hero (US)	htherou	footchmp	277	TaitoF2	1990	Taito Corporation
_Frogger	Frogger (Sega, Set 2).mra	Frogger	froggers2	frogger	0216	scramble	1981	Konami
_Frogger	Trukker - HBMame.mra	Trukker	trukker		0217	scramble	1999	Grimlick
_Galaga	Galaga (Midway set 1 with fast shoot hack).mra	Galaga	galagamf	galaga	0218	galaga	1981	Namco
_Galaga	Galaga (Namco rev. B).mra	Galaga	galaga	galaga	0229	galaga	1981	Namco
_Galaga	Galaga (fast shoot) - HBMame.mra	Galaga	galagads	galaga	0217	galaga	1981	Namco
_Galaga	Galaga (Namco).mra	Galaga (Namco)	galagao	galaga	0229	galaga	1981	Namco
_Galaga	Galaga (Enduring Freedom) - HBMame.mra	Galaga - Enduring Freedom	galagaef	galaga	0217	galaga	2000	Namco
_Galaga	Galaga Ghost (Set 1) - HBMame.mra	Galaga Ghost	galagost	galaga	0217	galaga	1981	Namco
_Galaga	Galaga Ghost (Set 2 - 2002-11-28) - HBMame.mra	Galaga Ghost	galagosb	galaga	0217	galaga	1981	Namco
_Galaga	Galagalaxian - HBMame.mra	Galagalaxian	galgaxin	galaga	0217	galaga	1998	Namco
_Galaga	Galapede (Fast Shoot) - HBMame.mra	Galapede	galaped	galaga	0217	galaga	1998	Namco
_Galaga	Gatsbee.mra	Gatsbee	gatsbee	galaga	0220	galaga	1984	hack (Uchida)
_Galaga	Vector Galaga - HBMame.mra	Vector Galaga	vgalaga	galaga	0217	galaga	1981	Namco
_Galaga	Vector Galaga Fast Shoot - HBMame.mra	Vector Galaga	vgalagaf	galaga	0217	galaga	1981	Namco
_Galaga	Vector Galaga Midway - HBMame.mra	Vector Galaga	vgalagam	galaga	0217	galaga	1981	Namco
_Galaxian	Andromeda - HBMame.mra	Andromeda	andromd	andromd	0217	galaxian	1979	hack
_Galaxian	Astrians (clone of Swarm).mra	Astrians	astrians	swarm	0218	galaxian	1980	BGV Ltd.
_Galaxian	Galaxian (Bug sprites) - HBMame.mra	Galaxian	buglaxn	galaxian	0217	galaxian	1979	Namco
_Galaxian	Galaxian (Edition Hack) - HBMame.mra	Galaxian	galaxiabh	galaxian	0217	galaxian	1979	Namco
_Galaxian	Galaxian (Irem).mra	Galaxian	galaxiani	galaxian	0218	galaxian	1979	Namco
_Galaxian	Galaxian (Kyoko) - HBMame.mra	Galaxian	galaxkyo	galaxian	0217	galaxian	1979	Namco
_Galaxian	Galaxian (Midway set 1).mra	Galaxian	galaxianm	galaxian	0218	galaxian	1979	Namco
_Galaxian	Galaxian (Midway set 2).mra	Galaxian	galaxianmo	galaxian	0218	galaxian	1979	Namco
_Galaxian	Galaxian (New Invasion) - HBMame.mra	Galaxian	galaxni	galaxian	0217	galaxian	1979	Namco
_Galaxian	Galaxian (Recreativos Franco S.A. Spanish bootleg).mra	Galaxian	galaxrf	galaxian	0218	galaxian	1979	Namco
_Galaxian	Galaxian (Taito).mra	Galaxian	galaxiant	galaxian	0218	galaxian	1979	Namco
_Galaxian	Galaxian (bootleg, set 1).mra	Galaxian	galaxbsf	galaxian	0218	galaxian	1979	Namco
_Galaxian	Galaxian (bootleg, set 2).mra	Galaxian	galaxianbl	galaxian	0218	galaxian	1979	Namco
_Galaxian	Galaxian (bootleg, set 3).mra	Galaxian	galaxbsf2	galaxian	0218	galaxian	1979	Namco
_Galaxian	Galaxian (bootleg, set 4).mra	Galaxian	galaxianbl2	galaxian	0218	galaxian	1979	Namco
_Galaxian	Galaxian Part 4 (hack).mra	Galaxian Part 4	galap4	galaxian	0218	galaxian	1979	Namco
_Galaxian	Galaxian Part X (moonaln hack).mra	Galaxian Part X	galapx	galaxian	0218	galaxian	1979	Namco
_Galaxian	Galaxian Turbo (superg hack).mra	Galaxian Turbo	galturbo	galaxian	0218	galaxian	1979	Namco
_Galaxian	Gaylaxian - HBMame.mra	Gaylaxian	gaylaxn	galaxian	0217	galaxian	1998	The Dog
_Galaxian	Kamakazi III (superg hack).mra	Kamakazi III	kamakazi3		0218	galaxian	1979	hack
_Galaxian	Moon Alien.mra	Moon Alien	moonaln		0218	galaxian	1979	Namco
_Galaxian	Star Fighter.mra	Star Fighter	starfght		0218	galaxian	1979	Jeutel
_Galaxian	Swarm (bootleg).mra	Swarm	swarm	swarm	0218	galaxian	1979	Subelectro
_Galaxian	Zero Time (Marti Colls).mra	Zero Time	zerotimemc	zerotime	0218	galaxian	1979	Marti Colls
_Galaxian	Zero Time (Petaco S.A.).mra	Zero Time	zerotime		0218	galaxian	1979	Petaco S.A.
_Gaplus	Galaga 3 (GP3 rev. C).mra	Galaga 3	galaga3a	gaplus	0218	gaplus	1984	Namco
_Gaplus	Galaga 3 (GP3).mra	Galaga 3	galaga3b	gaplus	0218	gaplus	1984	Namco
_Gaplus	Galaga 3 (set 4).mra	Galaga 3	galaga3c	gaplus	0218	gaplus	1984	Namco
_Gaplus	Galaga 3 (set 5).mra	Galaga 3	galaga3m	gaplus	0218	gaplus	1984	Namco
_Gaplus	Galaga 3 (GP3 rev. D).mra	Galaga 3 (GP3 rev. D)	galaga3		0218	gaplus	1984	Namco
_Gaplus	Gaplus (GP2).mra	Gaplus	gaplusa	gaplus	0218	gaplus	1984	Namco
_Gaplus	Gaplus (Tecfri PCB).mra	Gaplus	gaplust	gaplus	0218	gaplus	1992	Namco
_Gauntlet	Gauntlet (2 Players, German, rev 1).mra	Gauntlet	gauntlet2pg1	gauntlet	0225	gauntlet	1985	Atari
_Gauntlet	Gauntlet (2 Players, German, rev 4).mra	Gauntlet	gauntlet2pg	gauntlet	0225	gauntlet	1985	Atari
_Gauntlet	Gauntlet (2 Players, Japanese, rev 2).mra	Gauntlet	gauntlet2pj2	gauntlet	0225	gauntlet	1985	Atari
_Gauntlet	Gauntlet (2 Players, Japanese, rev 5).mra	Gauntlet	gauntlet2pj	gauntlet	0225	gauntlet	1985	Atari
_Gauntlet	Gauntlet (2 Players, rev 3).mra	Gauntlet	gauntlet2pr3	gauntlet	0225	gauntlet	1985	Atari
_Gauntlet	Gauntlet (2 Players, rev 6).mra	Gauntlet	gauntlet2p	gauntlet	0225	gauntlet	1985	Atari
_Gauntlet	Gauntlet (DE, Rev 8).mra	Gauntlet	gauntletr8	gauntlet	0225	gauntlet	1985	Atari
_Gauntlet	Gauntlet (German, rev 10).mra	Gauntlet	gauntletg	gauntlet	0225	gauntlet	1985	Atari
_Gauntlet	Gauntlet (German, rev 3).mra	Gauntlet	gauntletgr3	gauntlet	0225	gauntlet	1985	Atari
_Gauntlet	Gauntlet (German, rev 6).mra	Gauntlet	gauntletgr6	gauntlet	0225	gauntlet	1985	Atari
_Gauntlet	Gauntlet (Japanese, rev 12).mra	Gauntlet	gauntletj12	gauntlet	0225	gauntlet	1985	Atari
_Gauntlet	Gauntlet (Japanese, rev 13).mra	Gauntlet	gauntletj	gauntlet	0225	gauntlet	1985	Atari
_Gauntlet	Gauntlet (Spanish, rev 15).mra	Gauntlet	gauntlets	gauntlet	0225	gauntlet	1985	Atari
_Gauntlet	Gauntlet (rev 1).mra	Gauntlet	gauntletr1	gauntlet	0225	gauntlet	1985	Atari
_Gauntlet	Gauntlet (rev 2).mra	Gauntlet	gauntletr2	gauntlet	0225	gauntlet	1985	Atari
_Gauntlet	Gauntlet (rev 4).mra	Gauntlet	gauntletr4	gauntlet	0225	gauntlet	1985	Atari
_Gauntlet	Gauntlet (rev 5).mra	Gauntlet	gauntletr5	gauntlet	0225	gauntlet	1985	Atari
_Gauntlet	Gauntlet (rev 7).mra	Gauntlet	gauntletr7	gauntlet	0225	gauntlet	1985	Atari
_Gauntlet	Gauntlet (rev 9).mra	Gauntlet	gauntletr9	gauntlet	0225	gauntlet	1985	Atari
_Gauntlet	Gauntlet (German, rev 8).mra	Gauntlet (German, rev 8)	gauntletgr8		0225	gauntlet	1985	Atari Games
_Gauntlet II	Gauntlet II (2 Players, German).mra	Gauntlet II	gaunt22pg	gaunt2	0225	gauntlet	1985	Atari
_Gauntlet II	Gauntlet II (2 Players, rev 1).mra	Gauntlet II	gaunt22p1	gaunt2	0225	gauntlet	1985	Atari
_Gauntlet II	Gauntlet II (2 Players, rev 2).mra	Gauntlet II	gaunt22p	gaunt2	0225	gauntlet	1985	Atari
_Gauntlet II	Gauntlet II (German).mra	Gauntlet II	gaunt2g	gaunt2	0225	gauntlet	1985	Atari
_Gogetsuji Legends	Gouketsuji Gaiden - Saikyou Densetsu (Japan, Ver. 95.06.20).mra	Gouketsuji Gaiden - Saikyou Densetsu (Japan, Ver. 95.06.20)	plegendsj		0275	cave	1995	Atlus
_Gorf	Gorf (Program 1).mra	Gorf	gorf	gorf	0219	astrocade	1981	Dave Nutting Associates
_Green Beret	Rush'n Attack (US).mra	Rush'n Attack	rushatck	rushatck	0218	rshnatk	1985	Konami
_Grobda	Grobda (Old Ver. set 1).mra	Grobda	grobda2	grobda	0229	druaga	1984	Namco
_Grobda	Grobda (Old Ver. set 2).mra	Grobda	grobda3	grobda	0229	druaga	1984	Namco
_Growl	Growl (US).mra	Growl (US)	growlu	growl	277	TaitoF2	1990	Taito America Corporation
_Growl	Growl (World).mra	Growl (World)	growla	growl	277	TaitoF2	1990	Taito Corporation Japan
_Growl	Growl (World, prototype).mra	Growl (World, prototype)	growlp	growl	277	TaitoF2	1990	Taito Corporation Japan
_Growl	Runark (Japan).mra	Runark (Japan)	runark	growl	277	TaitoF2	1990	Taito Corporation
_Gulf War II	Gulf War II (set 2).mra	Gulf War II (set 2)	gulfwar2a		0287	GulfWarII	1991	Comad
_Gun Force II	Geo Storm (Japan).mra	Geo Storm (Japan)	geostorm	gunforc2	0245	IremM92	1994	Irem
_Gun Frontier	Gun Frontier (Japan).mra	Gun Frontier (Japan)	gunfrontj	gunfront	277	TaitoF2	1990	Taito Corporation
_Gunforce - Battle Fire Engulfed Terror Island	Gunforce - Battle Fire Engulfed Terror Island (Japan).mra	Gunforce - Battle Fire Engulfed Terror Island (Japan)	gunforcej	gunforce	0245	IremM92	1991	Irem
_Gunforce - Battle Fire Engulfed Terror Island	Gunforce - Battle Fire Engulfed Terror Island (USA).mra	Gunforce - Battle Fire Engulfed Terror Island (USA)	gunforceu	gunforce	0245	IremM92	1991	Irem
_Guwange	Guwange (Japan, 2000 7 7 Special Ver 1322).mra	Guwange (Japan, 2000 7/ 7 Special Ver 13:22)	guwanges		0226	cave	1999	CAVE
_Gyruss	Gyruss (Centuri).mra	Gyruss	gyrussce	gyruss	0218	gyruss	1983	Konami
_Gyruss	Gyruss [bl].mra	Gyruss	gyrussb	gyruss	0219	gyruss	1983	Konami
_Gyruss	Venus (Gyruss) [bl].mra	Venus	venus	gyruss	0219	gyruss	1983	Bootleg
_Hammerin' Harry	Daiku no Gensan (Japan, M72 hardware).mra	Daiku no Gensan (Japan, M72 hardware)	dkgensanm72	hharry	0240	IremM72	1990	Irem
_Hammerin' Harry	Daiku no Gensan (Japan, M84 hardware).mra	Daiku no Gensan (Japan, M84 hardware)	dkgensan	hharry	0247	IremM72	1990	Irem
_Hook	Hook (Japan).mra	Hook (Japan)	hookj	hook	0245	IremM92	1992	Irem
_Image Fight	Image Fight (Japan).mra	Image Fight (Japan)	imgfightj	imgfight	0245	IremM72	1988	Irem
_In The Hunt	In The Hunt (US).mra	In The Hunt (US)	inthuntu	inthunt	0245	IremM92	1993	Irem
_In The Hunt	Kaitei Daisensou (Japan).mra	Kaitei Daisensou (Japan)	kaiteids	inthunt	0245	IremM92	1993	Irem
_Iron Horse	Dai Ressya Goutou (JP, Ver. K).mra	Dai Ressya Goutou	dairesya	ironhors	0224	IronHorse	1986	Konami
_Iron Horse	Iron Horse (Ver. H) [bl].mra	Iron Horse	ironhorsbl	ironhors	0224	IronHorse	1986	Konami
_Iron Horse	Iron Horse (Ver. H).mra	Iron Horse	ironhorsh	ironhors	0224	IronHorse	1986	Konami
_Jackal	Jackal (W) [bl].mra	Jackal	jackalbl	jackal	0224	Jackal	1986	Konami
_Jackal	Jackal (W, Rotary).mra	Jackal	jackalr	jackal	0224	Jackal	1986	Konami
_Jackal	Tokushu Butai Jackal (JP).mra	Tokushu Butai Jackal	jackalj	jackal	0224	Jackal	1986	Konami
_Jackal	Top Gunner (US) [bl].mra	Top Gunner	topgunbl	jackal	0224	Jackal	1986	Konami
_Jackal	Top Gunner (US).mra	Top Gunner	topgunr	jackal	0224	Jackal	1986	Konami
_Jailbreak	Manhattan 24 Bunsyo (J).mra	Manhattan 24 Bunsyo	manhatan	jailbrek	0224	Jailbreak	1986	Konami
_Joust	Joust (Solid Red label).mra	Joust	joustr	joust	0218	robotron	1982	Williams
_Joust	Joust (White-Red label).mra	Joust	joustwr	joust	0218	robotron	1982	Williams
_Joust 2	Joust 2 - Survival of the Fittest (revision 1).mra	Joust 2 - Survival of the Fittest (revision 1)	joust2r1	joust2	0226	joust2	1986	Williams
_Jump Shot	Jump Shot Engineering Sample.mra	Jump Shot	jumpshotp	jumpshot	0218	pacman	1985	Bally
_Jungle King	Jungle Hunt US.mra		jungleh	junglek	0245	TaitoSJ	1982	Taito America Corporation
_Jungle King	Pirate Pete.mra		piratpet	junglek	0245	TaitoSJ	1982	Taito America Corporation
_Juno First	Juno First (Gottlieb).mra		junofrstg	junofrst	0220	JunoFirst	1983	Konami (Gottlieb license)
_Kangaroo	Kangaroo (Atari).mra	Kangaroo (Atari)	kangarooa	kangaroo	0270	Kangaroo	1982	Sun Electronics (Atari license)
_Kangaroo	Kangaroo (Bootleg).mra	Kangaroo (bootleg)	kangaroob	kangaroo	0270	Kangaroo	1982	Sun Electronics (bootleg)
_Ketsui - Kizuna Jigoku Tachi	Ketsui - Kizuna Jigoku Tachi (2003.01.01 Master Ver).mra	Ketsui - Kizuna Jigoku Tachi (2003.01.01 Master Ver)	ketb		288	IGSPGM		
_Ketsui - Kizuna Jigoku Tachi	Ketsui - Kizuna Jigoku Tachi (2003.01.01 Master Ver.).mra	Ketsui - Kizuna Jigoku Tachi (2003.01.01 Master Ver.)	keta		288	IGSPGM		
_Ketsui - Kizuna Jigoku Tachi	Ketsui - Kizuna Jigoku Tachi (2003.01.01. Master Ver.) (alt ROM fill).mra	Ketsui - Kizuna Jigoku Tachi (2003.01.01. Master Ver.) (alt ROM fill)	ket1		288	IGSPGM		
_Ketsui - Kizuna Jigoku Tachi	Ketsui - Kizuna Jigoku Tachi (2012.04.17 ARRANGE VER) (hack).mra	Ketsui - Kizuna Jigoku Tachi (2012.04.17 ARRANGE VER) (hack)	ketarr10		288	IGSPGM		
_Ketsui - Kizuna Jigoku Tachi	Ketsui - Kizuna Jigoku Tachi (2012.04.17 FAST. VER) (hack).mra	Ketsui - Kizuna Jigoku Tachi (2012.04.17 FAST. VER) (hack)	ketarrf		288	IGSPGM		
_Ketsui - Kizuna Jigoku Tachi	Ketsui - Kizuna Jigoku Tachi (2012.06.26 ARRANGE 1.5 VER) (hack).mra	Ketsui - Kizuna Jigoku Tachi (2012.06.26 ARRANGE 1.5 VER) (hack)	ketarr15		288	IGSPGM		
_Ketsui - Kizuna Jigoku Tachi	Ketsui - Kizuna Jigoku Tachi (2012.06.26 ARRANGE 1.51 VER) (hack).mra	Ketsui - Kizuna Jigoku Tachi (2012.06.26 ARRANGE 1.51 VER) (hack)	ketarr151		288	IGSPGM		
_Ketsui - Kizuna Jigoku Tachi	Ketsui - Kizuna Jigoku Tachi (2012.06.27 MR.STOIC 1.5 VER) (hack).mra	Ketsui - Kizuna Jigoku Tachi (2012.06.27 MR.STOIC 1.5 VER) (hack)	ketarrs15		288	IGSPGM		
_Ketsui - Kizuna Jigoku Tachi	Ketsui - Kizuna Jigoku Tachi (2012.06.27 MR.STOIC 1.51 VER) (hack).mra	Ketsui - Kizuna Jigoku Tachi (2012.06.27 MR.STOIC 1.51 VER) (hack)	ketarrs151		288	IGSPGM		
_Ketsui - Kizuna Jigoku Tachi	Ketsui - Kizuna Jigoku Tachi (2014.07.16 ARRANGE 1.7 VER) (hack).mra	Ketsui - Kizuna Jigoku Tachi (2014.07.16 ARRANGE 1.7 VER) (hack)	ketarr		288	IGSPGM		
_Ketsui - Kizuna Jigoku Tachi	Ketsui - Kizuna Jigoku Tachi (IKD 2007 Special - 2007 Cave Matsuri Version).mra	Ketsui - Kizuna Jigoku Tachi (IKD 2007 Special - 2007 Cave Matsuri Version)	ketikd		288	IGSPGM		
_Ketsui - Kizuna Jigoku Tachi	Ketsui Kizuna Jigoku Tachi (2003.01.01. Master Ver., bootleg cartridge conversion).mra	Ketsui: Kizuna Jigoku Tachi (2003/01/01. Master Ver., bootleg cartridge conversion)	ketbl		288	IGSPGM		
_Kick	Kick (cocktail).mra	Kick	kickc	kick	0218	mcr1	1981	Midway
_Kick	Kick-Man.mra	Kick-Man	kickman	kick	0216	mcr1	1980	Midway
_Kid Niki - Radical Ninja	Kaiketsu Yanchamaru (Japan).mra	Kaiketsu Yanchamaru	yanchamr	kidniki	0221	iremm62	1986	Irem
_Kid Niki - Radical Ninja	Kid Niki - Radical Ninja (US).mra	Kid Niki - Radical Ninja	kidnikiu	kidniki	0221	iremm62	1986	Irem
_King and Balloon	King and Balloon (Japan).mra	King and Balloon	kingballj	kingball	0216	galaxian	1980	Namco
_Knights of Valour 2	Knights of Valour 2 (ver. 100, 100, 100HK).mra	Knights of Valour 2 (ver. 100, 100, 100HK)	kov2100		288	IGSPGM		
_Knights of Valour 2	Knights of Valour 2 (ver. 101, 101, 100HK).mra	Knights of Valour 2 (ver. 101, 101, 100HK)	kov2101		288	IGSPGM		
_Knights of Valour 2	Knights of Valour 2 (ver. 102, 101, 100HK).mra	Knights of Valour 2 (ver. 102, 101, 100HK)	kov2102		288	IGSPGM		
_Knights of Valour 2	Knights of Valour 2 (ver. 102, 102, 100HK).mra	Knights of Valour 2 (ver. 102, 102, 100HK)	kov21022		288	IGSPGM		
_Knights of Valour 2	Knights of Valour 2 (ver. 103, 101, 100HK).mra	Knights of Valour 2 (ver. 103, 101, 100HK)	kov2103		288	IGSPGM		
_Knights of Valour 2	Knights of Valour 2 (ver. 104, 102, 100HK).mra	Knights of Valour 2 (ver. 104, 102, 100HK)	kov2104		288	IGSPGM		
_Knights of Valour 2	Knights of Valour 2 (ver. 106, 102, 100HK).mra	Knights of Valour 2 (ver. 106, 102, 100HK)	kov2106		288	IGSPGM		
_Knights of Valour Super Heroes	Knights of Valour Super Heroes (ver. 100, CN).mra	Knights of Valour Super Heroes (ver. 100, CN)	kovsh100		288	IGSPGM		
_Knights of Valour Super Heroes	Knights of Valour Super Heroes (ver. 101, CN).mra	Knights of Valour Super Heroes (ver. 101, CN)	kovsh101		288	IGSPGM		
_Knights of Valour Super Heroes	Knights of Valour Super Heroes (ver. 102, CN).mra	Knights of Valour Super Heroes (ver. 102, CN)	kovsh102		288	IGSPGM		
_Knights of Valour Super Heroes	Knights of Valour Super Heroes (ver. 103, CN).mra	Knights of Valour Super Heroes (ver. 103, CN)	kovsh103		288	IGSPGM		
_Kung-Fu Master	Kung-Fu Master (bootleg set 1).mra	Kung-Fu Master	kungfub	kungfum	0221	iremm62	1984	Irem
_Kung-Fu Master	Kung-Fu Master (bootleg set 2).mra	Kung-Fu Master	kungfub2	kungfum	0221	iremm62	1984	Irem
_Kung-Fu Master	Spartan X (Japan).mra	Spartan X	spartanx	spartanx	0221	iremm62	1984	Irem
_Lady Bug	Coccinelle (bootleg of Lady Bug, set 2).mra	Coccinelle	ladybugb2	ladybug	0218	ladybug	1981	Universal
_Lady Bug	Lady Bug (bootleg set 1).mra	Lady Bug	ladybugb	ladybug	0218	ladybug	1981	Universal
_Legionnaire	Legionnaire (Japan).mra	Legionnaire (Japan)	legionnaj		0264	Legionnaire	1992	Tad Corporation
_Legionnaire	Legionnaire (US).mra	Legionnaire (US)	legionnau		0264	Legionnaire	1992	Tad Corporation (Fabtek license)
_Lethal Thunder	Thunder Blaster (Japan).mra	Thunder Blaster (Japan)	thndblst	lethalth	0245	IremM92	1992	Irem
_Liquid Kids	Liquid Kids (US).mra	Liquid Kids (US)	liquidku	liquidk	277	TaitoF2	1990	Taito America Corporation
_Liquid Kids	Mizubaku Daibouken (Japan).mra	Mizubaku Daibouken (Japan)	mizubaku	liquidk	277	TaitoF2	1990	Taito Corporation
_Lode Runner	Lode Runner (set 2).mra	Lode Runner	ldruna	ldrun	0221	iremm62	1984	Irem
_Lode Runner 3	Lode Runner III - Majin no Fukkatsu (Japan).mra	Lode Runner III- Majin no Fukkatsu	ldrun3j	ldrun3	0221	iremm62	1985	Irem
_Lost Tomb	Lost Tomb (hard).mra	Lost Tomb	losttombh	losttomb	0218	scramble	1982	Stern
_Lunar Lander	Lunar Lander (rev 1).mra	Lunar Lander	llander1	llander	0218	lunarlander	1979	Atari
_Mappy	Crackhead - HBMame.mra	Crackhead	crackhea		0217	druaga	1998	Namco
_Mappy	House Party - HBMame.mra	House Party	housepty		0217	druaga	1998	Jerky
_Mappy	Mappy (Japan).mra	Mappy	mappyj	mappy	0218	druaga	1983	Namco
_Mappy	Marpy - HBMame.mra	Marpy	marpy		0217	druaga	2001	Namco
_Mario Bros	Pest Place.mra	Pest Place	pestplce	mario	0227	DonkeyKong	1983	Bootleg
_Martial Masters	Martial Masters (ver. 102, 101, 101CN).mra	Martial Masters (ver. 102, 101, 101CN)	martmast102c		288	IGSPGM		
_Martial Masters	Martial Masters (ver. 103, 102, 101CN).mra	Martial Masters (ver. 103, 102, 101CN)	martmast103c		288	IGSPGM		
_Martial Masters	Martial Masters (ver. 104, 102, 101CN).mra	Martial Masters (ver. 104, 102, 101CN)	martmast104c		288	IGSPGM		
_Mayday	Mayday (set 2).mra	Mayday	maydaya	mayday	0218	defender	1980	Hoei
_Mayday	Mayday (set 3).mra	Mayday	maydayb	mayday	0218	defender	1980	Hoei
_Mazinger Z	Mazinger Z (Japan).mra	Mazinger Z (Japan)	mazingerj		0275	CaveBanpresto	1994	Banpresto / Dynamic Pl. Toei Animation
_Mega Blast	Mega Blast (Japan).mra	Mega Blast (Japan)	megablstj	megablst	277	TaitoF2	1989	Taito Corporation
_Mega Blast	Mega Blast (US).mra	Mega Blast (US)	megablstu	megablst	277	TaitoF2	1989	Taito America Corporation
_Metal Black	Metal Black (Japan).mra	Metal Black (Japan)	metalbj	metalb	277	TaitoF2	1991	Taito Corporation
_Metal Black	Metal Black (World, single PCB).mra	Metal Black (World, single PCB)	metalba	metalb	277	TaitoF2	1991	Taito Corporation Japan
_Metamoqester	Oni - The Ninja Master (Japan).mra	Oni - The Ninja Master (Japan)	nmaster		0275	CaveBanpresto	1995	Banpresto / Pandorabox
_Missile Command	Missile Command (rev 1).mra	Missile Command (rev 1)	missile1		0240	MissileCommand	1980	Atari Games
_Missile Command	Missile Command (rev 2).mra	Missile Command (rev 2)	missile2		0240	MissileCommand	1980	Atari Games
_Moon Patrol	Moon Patrol (Williams).mra	Moon Patrol	mpatrolw	mpatrol	0218	moonpatrol	1982	Irem
_Moon Patrol	Moon Ranger (bootleg of Moon Patrol).mra	Moon Ranger	mranger	mpatrol	0218	moonpatrol	1982	Irem
_Moon Patrol	Sponge Patrol - HBMame.mra	Sponge Patrol	spatrol	mpatrol	0217	moonpatrol	2008	Irem
_Moon War	Moonwar (older).mra	Moon War	moonwara	moonwar	0218	scramble	1981	Stern
_Mr. Do!	Mr. Do! Fixed.mra	Mr. Do! Fixed	mrdofix	mrdo	0220	mrdo	1982	Universal
_Mr. Jong	BlockBuster.mra	BlockBuster	blkbustr		0245	mrjong	1983	Kiwako (ECI license)
_Mr. Jong	Crazy Blocks.mra	Crazy Blocks	crazyblk		0245	mrjong	1983	Kiwako (ECI license)
_Mr. TNT	Gorkans.mra	Gorkans	gorkans	mrtnt	0220	pacman	1983	Techstar
_Ms. Pac-Man	Crazy Otto - The Original Ms Pacman - HBMame.mra	Crazy Otto - The Original Ms Pacman - HBMame	ottopza	mspacman	0230	pacman	2018	
_Ms. Pac-Man	Ms. Pac Attack.mra	Ms. Pac Attack	mspacmat	puckman	0218	pacman	1981	Midway
_Ms. Pac-Man	Ms. Pac-Man (bootleg on Crush Roller Hardware).mra	Ms. Pac-Man	mspacmancr	puckman	0218	pacman	1981	Midway
_Ms. Pac-Man	Ms. Pac-Man (speedup hack).mra	Ms. Pac-Man	mspacmnf	puckman	0218	pacman	1981	Midway
_Mystic Marathon	Mystic Marathon (prototype).mra	Mystic Marathon (prototype)	mysticm	mysticm	0222	MysticMarathon	1983	Williams
_Mystic Riders	Mahou Keibitai Gun Hohki (Japan).mra	Mahou Keibitai Gun Hohki (Japan)	gunhohki	mysticri	0245	IremM92	1992	Irem
_Night Slashers	Night Slashers (Japan Rev 1.2, DE-0397-0 PCB).mra	Night Slashers (Japan Rev 1.2, DE-0397-0 PCB)	nslasherj		0264	NightSlashers	1993	Data East Corporation
_Night Slashers	Night Slashers (Over Sea Rev 1.2, DE-0397-0 PCB).mra	Night Slashers (Over Sea Rev 1.2, DE-0397-0 PCB)	nslashers		0264	NightSlashers	1993	Data East Corporation
_Night Slashers	Night Slashers (US Rev 1.2, DE-0395-1 PCB).mra	Night Slashers (US Rev 1.2, DE-0395-1 PCB)	nslasheru		0264	NightSlashers	1994	Data East Corporation
_Ninja Baseball Bat Man	Ninja Baseball Bat Man (US).mra	Ninja Baseball Bat Man (World)	nbbatmanu	nbbatman	0245	IremM92	1993	Irem
_Ninja Baseball Bat Man	Yakyuu Kakutou League-Man (Japan).mra	Yakyuu Kakutou League-Man (Japan)	leaguemn	nbbatman	0245	IremM92	1993	Irem
_Nova 2001	Nova 2001 (Hack).mra	Nova 2001	nova2001h	ninjakun	0220	ninjakun	1984	UPL
_Opa Opa	Opa Opa (Rev A, unprotected).mra	Opa Opa (Rev A, unprotected)	opaopan	opaopa	0235	SMS	1987	Sega
_Oriental Legend	Oriental Legend (ver. 112).mra	Oriental Legend (ver. 112)	orlegende		288	IGSPGM		
_Oriental Legend	Oriental Legend (ver. 112, Chinese Board).mra	Oriental Legend (ver. 112, Chinese Board)	orlegendc		288	IGSPGM		
_Oriental Legend	Oriental Legend (ver. unk, Chinese Board).mra	Oriental Legend (ver. ???, Chinese Board)	orlegendca		288	IGSPGM		
_Pac & Pal	Pac-Man & Chomp Chomp.mra	Pac-Man &amp; Chomp Chomp	pacnchmp	pacnpal	0220	druaga	1983	Namco
_Pac-Man	Abortman - HBMame.mra	Abortman	abortman	puckman	0217	pacman	2001	Atari
_Pac-Man	Baby Pacman 2 (Alt) - HBMame.mra	Baby Pac-Man 2	baby2	puckman	0217	pacman	1980	Atari
_Pac-Man	Baby Pacman 3 (Alt) - HBMame.mra	Baby Pac-Man 3	baby3	puckman	0217	pacman	1980	Atari
_Pac-Man	Brakman - HBMame.mra	Brakman	brakman	puckman	0217	pacman	2000	Scott Lawrence
_Pac-Man	Caterpillar - HBMame.mra	Caterpillar	caterpil	puckman	0217	pacman	2000	Phi
_Pac-Man	Crazy Pac - HBMame.mra	Crazy Pac	crazypac	puckman	0217	pacman	1980	Tim Appleton
_Pac-Man	Dizzy Ghost - A Reversal of Roles - HBMame.mra	Dizzy Ghost- A Reversal of Roles	dizzy	puckman	0217	pacman	2000	Atari
_Pac-Man	Elton Pac - HBMame.mra	Elton Pac	eltonpac	puckman	0217	pacman	1980	Marcel Silvius
_Pac-Man	Euro Pac - HBMame.mra	Euro Pac	europac	puckman	0217	pacman	1980	Stefano Priore
_Pac-Man	Hangly Man [f] - HBMame.mra	Hangly Man	fasthang	puckman	0217	pacman	2000	Nittoh
_Pac-Man	Hangly Man 1000 - HBMame.mra	Hangly Man 1000	hm1000	puckman	0217	pacman	2001	Nittoh
_Pac-Man	Hangly Man 2000 - HBMame.mra	Hangly Man 2000	hm2000	puckman	0217	pacman	2001	Nittoh
_Pac-Man	Hangly Man Babies 5000 - HBMame.mra	Hangly Man Babies 5000	hmba5000	puckman	0217	pacman	2001	Nittoh
_Pac-Man	Hangly Man Babies 7000 - HBMame.mra	Hangly Man Babies 7000	hmba7000	puckman	0217	pacman	2001	Nittoh
_Pac-Man	Hangly Man BabiesMaze - HBMame.mra	Hangly Man BabiesMaze	hmbabymz	puckman	0217	pacman	2001	Nittoh
_Pac-Man	Hangly Man Blue Plus - HBMame.mra	Hangly Man Blue Plus	hmbluep	puckman	0217	pacman	2001	Nittoh
_Pac-Man	Hangly Man Green Plus - HBMame.mra	Hangly Man Green Plus	hmgrenp	puckman	0217	pacman	2001	Nittoh
_Pac-Man	Hangly Man Plus - HBMame.mra	Hangly Man Plus	hmplus	puckman	0217	pacman	2001	Nittoh
_Pac-Man	Hangly-Man (Popeye) - HBMame.mra	Hangly-Man	hmpopey	puckman	0217	pacman	1981	Nittoh
_Pac-Man	Hangly-Man (set 1).mra	Hangly-Man	hangly	puckman	0218	pacman	1981	Nittoh
_Pac-Man	Hangly-Man (set 1) After Dark - HBMame.mra	Hangly-Man After Dark	hanglyad	puckman	0217	pacman	2000	Nittoh
_Pac-Man	Jacman - HBMame.mra	Jacman	jacman	puckman	0217	pacman	2001	Brent Cobb
_Pac-Man	Jr. Pac-Man (Speedup Hack).mra	Jr. Pac-Man (Speedup Hack)	jrpacmanf	jrpacman	0220	pacman	1983	hack
_Pac-Man	Mario Pacman - HBMame.mra	Mario Pac-Man	pacmar	puckman	0217	pacman	1980	Atari
_Pac-Man	Maze Man - HBMame.mra	Maze Man	mazeman	puckman	0217	pacman	2000	Atari
_Pac-Man	Mini Pacman - HBMame.mra	Mini Pac-Man	pacmini	puckman	0217	pacman	1980	Atari
_Pac-Man	Mini Pacman 2 - HBMame.mra	Mini Pac-Man 2	pacmini2	puckman	0217	pacman	1980	Atari
_Pac-Man	New Puc2 (Set 2) - HBMame.mra	New Puck 2	nwpuc2b	puckman	0217	pacman	1980	Linear Elect
_Pac-Man	New Puck-2 - HBMame.mra	New Puck 2	newpuck2	puckman	0217	pacman	1980	Sir Scotty
_Pac-Man	New Puck2 [c] - HBMame.mra	New Puck 2	chtpman2	puckman	0217	pacman	1980	Namco
_Pac-Man	New Puck2 [f] - HBMame.mra	New Puck 2	fstpman2	puckman	0217	pacman	1980	Namco
_Pac-Man	New Puck-3 - HBMame.mra	New Puck 3	newpuck3	puckman	0217	pacman	1980	Marcel Silvius
_Pac-Man	New Puck-X [c] - HBMame.mra	New Puck X	chtpuck	puckman	0217	pacman	1980	Deluxe
_Pac-Man	New Puck-X [f] - HBMame.mra	New Puck X	fastpuck	puckman	0217	pacman	1980	Deluxe
_Pac-Man	New Puck-X.mra	New Puck X	newpuckx	puckman	0218	pacman	1980	hack
_Pac-Man	Pac 2600 (Older) - HBMame.mra	Pac 2600	pac2600a	puckman	0217	pacman	1980	Bobby Tribble
_Pac-Man	Pac 2600 - HBMame.mra	Pac 2600	pac2600	puckman	0217	pacman	1980	Bobby Tribble
_Pac-Man	Pac Snoop v1.3 [f] - HBMame.mra	Pac Snoop	pacsnoop	puckman	0217	pacman	1980	Scott Lawrence
_Pac-Man	Pac-Man (Midway, harder).mra	Pac-Man	pacmod	puckman	0218	pacman	1980	Namco
_Pac-Man	Pac-Man (Midway, speedup hack).mra	Pac-Man	pacmanf	puckman	0218	pacman	1980	Namco
_Pac-Man	Pac-man (Popeye) [c] - HBMame.mra	Pac-Man	chtpop	puckman	0217	pacman	1980	Namco
_Pac-Man	Pacman (Baby Maze 1) - HBMame.mra	Pac-Man	pacbaby	puckman	0217	pacman	1980	Namco
_Pac-Man	Pacman (Baby Maze 2) - HBMame.mra	Pac-Man	pacbaby2	puckman	0217	pacman	1980	Namco
_Pac-Man	Pacman (Baby Maze 3) - HBMame.mra	Pac-Man	pacbaby3	puckman	0217	pacman	1980	Namco
_Pac-Man	Pacman (Baby Maze 4) - HBMame.mra	Pac-Man	baby4	puckman	0217	pacman	1980	Namco
_Pac-Man	Pacman (Bell) - HBMame.mra	Pac-Man	pacbell	puckman	0217	pacman	1980	Namco
_Pac-Man	Pacman (Crunchy) - HBMame.mra	Pac-Man	pcrunchy	puckman	0217	pacman	1980	Namco
_Pac-Man	Pacman (Electric Cowboy) - HBMame.mra	Pac-Man	pacelec	puckman	0217	pacman	1980	Namco
_Pac-Man	Pacman (Fixes 255th Maze) - HBMame.mra	Pac-Man	pacm255	puckman	0217	pacman	1980	Namco
_Pac-Man	Pacman (Hearts) - HBMame.mra	Pac-Man	hearts	puckman	0217	pacman	1980	Namco
_Pac-Man	Pacman (Jail) - HBMame.mra	Pac-Man	pacjail	puckman	0217	pacman	1980	Namco
_Pac-Man	Pacman (Ms. Pacman Attack 1) - HBMame.mra	Pac-Man	pacmsa1	puckman	0217	pacman	1980	Namco
_Pac-Man	Pacman (Ms. Pacman Attack 2) - HBMame.mra	Pac-Man	pacmsa2	puckman	0217	pacman	1980	Namco
_Pac-Man	Pacman (Ms. Pacman Attack 3) - HBMame.mra	Pac-Man	pacmsa3	puckman	0217	pacman	1980	Namco
_Pac-Man	Pacman (Ms. Pacman Attack 4) - HBMame.mra	Pac-Man	pacmsa4	puckman	0217	pacman	1980	Namco
_Pac-Man	Pacman (Ms. Pacman Maze 1) - HBMame.mra	Pac-Man	pacms1	puckman	0217	pacman	1980	Namco
_Pac-Man	Pacman (Ms. Pacman Maze 2) - HBMame.mra	Pac-Man	pacms2	puckman	0217	pacman	1980	Namco
_Pac-Man	Pacman (Ms. Pacman Maze 3) - HBMame.mra	Pac-Man	pacms3	puckman	0217	pacman	1980	Namco
_Pac-Man	Pacman (Ms. Pacman Maze 4) - HBMame.mra	Pac-Man	pacms4	puckman	0217	pacman	1980	Namco
_Pac-Man	Pacman (Namco) (Sil hack) [c] - HBMame.mra	Pac-Man	namcosil	puckman	0217	pacman	1980	Namco
_Pac-Man	Pacman (Original Inviso) - HBMame.mra	Pac-Man	pacinvis	puckman	0217	pacman	1980	Namco
_Pac-Man	Pacman (Patched) - HBMame.mra	Pac-Man	pacmanp	puckman	0217	pacman	1980	Namco
_Pac-Man	Pacman (Popeye) - HBMame.mra	Pac-Man	pacpopey	puckman	0217	pacman	1980	Namco
_Pac-Man	Pacman (Popeye) [f] - HBMame.mra	Pac-Man	fastpop	puckman	0217	pacman	1980	Namco
_Pac-Man	Pacman (Shuffle) - HBMame.mra	Pac-Man	pacshuf	puckman	0217	pacman	1980	Namco
_Pac-Man	Pacman (Speedy) - HBMame.mra	Pac-Man	pacspeed	puckman	0217	pacman	1980	Namco
_Pac-Man	Pacman (Weird Fruit) - HBMame.mra	Pac-Man	pacwf	puckman	0217	pacman	1980	Namco
_Pac-Man	Pacman [c] - HBMame.mra	Pac-Man	chtpac	puckman	0217	pacman	1980	Namco
_Pac-Man	Pacman with Pacman font - HBMame.mra	Pac-Man	pacfnt	puckman	0217	pacman	2000	Namco
_Pac-Man	Pac-Man (Midway).mra	Pac-Man (Midway)	pacman		0218	pacman	1980	Namco (Midway license)
_Pac-Man	Pac Man 1000 - HBMame.mra	Pac-Man 1000	pm1000	puckman	0217	pacman	1980	Blue Justice
_Pac-Man	Pac Man 2000 - HBMame.mra	Pac-Man 2000	pm2000	puckman	0217	pacman	1980	Blue Justice
_Pac-Man	Pac Man 3000 - HBMame.mra	Pac-Man 3000	pm3000	puckman	0217	pacman	1980	Blue Justice
_Pac-Man	Pacman 3D - HBMame.mra	Pac-Man 3D	pacman3d	puckman	0217	pacman	1998	Namco
_Pac-Man	Pacman 3D [c] - HBMame.mra	Pac-Man 3D	chtpac3d	puckman	0217	pacman	1998	Namco
_Pac-Man	Pacman After Dark (Alternate) - HBMame.mra	Pac-Man After Dark	pmada	puckman	0217	pacman	2000	Namco
_Pac-Man	Pacman After Dark - HBMame.mra	Pac-Man After Dark	pmad	puckman	0217	pacman	2000	Namco
_Pac-Man	Pacman After Dark 2000 - HBMame.mra	Pac-Man After Dark 2000	pmad00	puckman	0217	pacman	2000	Namco
_Pac-Man	Pac Man Babies 2000 - HBMame.mra	Pac-Man Babies 2000	pmba2000	puckman	0217	pacman	1980	Blue Justice
_Pac-Man	Pac Man Babies 3000 - HBMame.mra	Pac-Man Babies 3000	pmba3000	puckman	0217	pacman	1980	Blue Justice
_Pac-Man	Pac Man Babies 6000 - HBMame.mra	Pac-Man Babies 6000	pmba6000	puckman	0217	pacman	1980	Blue Justice
_Pac-Man	Pac Man Babies Maze - HBMame.mra	Pac-Man Babies Maze	pmbamaz	puckman	0217	pacman	1980	Blue Justice
_Pac-Man	Pacman Jr. (Maze 1) - HBMame.mra	Pac-Man Jr.	pacjr1	puckman	0217	pacman	1980	Namco
_Pac-Man	Pacman Jr. (Maze 2) - HBMame.mra	Pac-Man Jr.	pacjr2	puckman	0217	pacman	1980	Namco
_Pac-Man	Pacman Jr. (Maze 3) - HBMame.mra	Pac-Man Jr.	pacjr3	puckman	0217	pacman	1980	Namco
_Pac-Man	Pacman Jr. (Maze 4) - HBMame.mra	Pac-Man Jr.	pacjr4	puckman	0217	pacman	1980	Namco
_Pac-Man	Packetman - HBMame.mra	Packetman	packetman	puckman	0217	pacman	2000	Namco
_Pac-Man	Pacu Pacu v1.1 - HBMame.mra	Pacu Pacu v1.1	pacupacu	puckman	0220	pacman	2025	Sokuran
_Pac-Man	Pengo Man - HBMame.mra	Pengo Man	pengman	puckman	0217	pacman	2000	Scott Lawrence
_Pac-Man	Puck Man (Japan set 2).mra	Puck Man	puckmod	puckman	0218	pacman	1980	Namco
_Pac-Man	Puckman (Fixes 255th Maze) - HBMame.mra	Puck Man	puck255	puckman	0217	pacman	1980	Namco
_Pac-Man	Puckman Opposite - HBMame.mra	Puck Man Opposite	puckmano	puckman	0217	pacman	1980	Namco
_Pac-Man	Puckmotik (alt) - HBMame.mra	Puckmotik	puckmot1	puckman	0217	pacman	1980	Hebus
_Pac-Man	Puckmotik - HBMame.mra	Puckmotik	puckmoti	puckman	0217	pacman	1980	Hebus
_Pac-Man	Robo Man - HBMame.mra	Robo Man	roboman	puckman	0217	pacman	1999	Runge Editing
_Pac-Man	Snowy Day Pacman - HBMame.mra	Snowy Day Pac-Man	snowpac	puckman	0217	pacman	1980	T-Bone
_Pac-Man	Summertime Elton (old) - HBMame.mra	Summertime Elton	sumeltob	puckman	0217	pacman	2000	Staizitto
_Pac-Man	Summertime Elton - HBMame.mra	Summertime Elton	sumelton	puckman	0217	pacman	2000	Staizitto
_Pac-Man	Ultra Pacman - HBMame.mra	Ultra Pac-Man	ultra2	puckman	0217	pacman	1980	TwoBit Score
_Pac-Man	Vector Hangly-Man - HBMame.mra	Vector Hangly-Man	vhangly	puckman	0217	pacman	2000	Nittoh
_Pac-Man	Vector Pacman (Baby Maze 1) - HBMame.mra	Vector Pac-Man	vecbaby	puckman	0217	pacman	1980	Namco
_Pac-Man	Vector Pacman (Baby Maze 2) - HBMame.mra	Vector Pac-Man	vecbaby2	puckman	0217	pacman	1980	Namco
_Pac-Man	Vector Pacman (Baby Maze 3) - HBMame.mra	Vector Pac-Man	vecbaby3	puckman	0217	pacman	1980	Namco
_Pac-Man	Vector Pacman (Bell) - HBMame.mra	Vector Pac-Man	vpacbell	puckman	0217	pacman	1980	Namco
_Pac-Man	Vector Pacman (Crunchy) - HBMame.mra	Vector Pac-Man	vcrunchy	puckman	0217	pacman	1980	Namco
_Pac-Man	Vector Pacman (Electric Cowboy) - HBMame.mra	Vector Pac-Man	vpacelec	puckman	0217	pacman	1980	Namco
_Pac-Man	Vector Pacman (Jail) - HBMame.mra	Vector Pac-Man	vpacjail	puckman	0217	pacman	1980	Namco
_Pac-Man	Vector Pacman (Ms. Pacman Attack 1) - HBMame.mra	Vector Pac-Man	vpacmsa1	puckman	0217	pacman	1980	Namco
_Pac-Man	Vector Pacman (Ms. Pacman Attack 2) - HBMame.mra	Vector Pac-Man	vpacmsa2	puckman	0217	pacman	1980	Namco
_Pac-Man	Vector Pacman (Ms. Pacman Attack 3) - HBMame.mra	Vector Pac-Man	vpacmsa3	puckman	0217	pacman	1980	Namco
_Pac-Man	Vector Pacman (Ms. Pacman Attack 4) - HBMame.mra	Vector Pac-Man	vpacmsa4	puckman	0217	pacman	1980	Namco
_Pac-Man	Vector Pacman (Ms. Pacman Maze 1) - HBMame.mra	Vector Pac-Man	vpacms1	puckman	0217	pacman	1980	Namco
_Pac-Man	Vector Pacman (Ms. Pacman Maze 2) - HBMame.mra	Vector Pac-Man	vpacms2	puckman	0217	pacman	1980	Namco
_Pac-Man	Vector Pacman (Ms. Pacman Maze 3) - HBMame.mra	Vector Pac-Man	vpacms3	puckman	0217	pacman	1980	Namco
_Pac-Man	Vector Pacman (Ms. Pacman Maze 4) - HBMame.mra	Vector Pac-Man	vpacms4	puckman	0217	pacman	1980	Namco
_Pac-Man	Vector Pacman (Shuffle) - HBMame.mra	Vector Pac-Man	vpacshuf	puckman	0217	pacman	1980	Namco
_Pac-Man	Vector Pacman (Speedy) - HBMame.mra	Vector Pac-Man	vpspeed	puckman	0217	pacman	1980	Namco
_Pac-Man	Vector Pacman - HBMame.mra	Vector Pac-Man	vecpac	puckman	0217	pacman	1980	Namco
_Pac-Man	Vector Xens Revenge - HBMame.mra	Vector Xens Revenge	vectxens	puckman	0217	pacman	2000	Namco
_Pac-Man	Xens Revenge - HBMame.mra	Xens Revenge	xensrev	puckman	0217	pacman	2000	Jeff Morris
_Pac-Man	Xens Revenge After Dark - HBMame.mra	Xens Revenge After Dark	xensad	puckman	0217	pacman	2000	Jeff Morris
_Pac-Man Plus	Pac Man 4000 Plus - HBMame.mra	Pac Man 4000 Plus - HBMame	pm4000p		0217	pacman	2001	Blue Justice
_Pac-Man Plus	Pac Man 5000 Plus - HBMame.mra	Pac Man 5000 Plus - HBMame	pm5000p		0217	pacman	2001	Blue Justice
_Pac-Man Plus	Pac Man 6000 - HBMame.mra	Pac Man 6000 - HBMame	pm6000		0217	pacman	2001	Blue Justice
_Pac-Man Plus	Pac Man 7000 - HBMame.mra	Pac Man 7000 - HBMame	pm7000		0217	pacman	2001	Blue Justice
_Pac-Man Plus	Pac Man 7000 Plus - HBMame.mra	Pac Man 7000 Plus - HBMame	pm7000p		0217	pacman	2001	Blue Justice
_Pac-Man Plus	Pac Man Babies 4000 - HBMame.mra	Pac Man Babies 4000 - HBMame	pmba4000		0217	pacman	2001	Blue Justice
_Pac-Man Plus	Pac Man Babies 8000 - HBMame.mra	Pac Man Babies 8000 - HBMame	pmba8000		0217	pacman	2001	Blue Justice
_Pac-Man Plus	Pac Man Babies Plus - HBMame.mra	Pac Man Babies Plus - HBMame	pmbaplus		0217	pacman	2001	Blue Justice
_Pac-Man Plus	Pac Man Blue Plus - HBMame.mra	Pac Man Blue Plus - HBMame	pmbluep		0217	pacman	2001	Blue Justice
_Pac-Man Plus	Pac Man Deluxe - HBMame.mra	Pac Man Deluxe - HBMame	pmdeluxe		0217	pacman	2001	Blue Justice
_Pac-Man Plus	Pac Man Extra - HBMame.mra	Pac Man Extra - HBMame	pmextra		0217	pacman	2001	Blue Justice
_Pac-Man Plus	Pac Man Extra Plus - HBMame.mra	Pac Man Extra Plus - HBMame	pmextrap		0217	pacman	2001	Blue Justice
_Pac-Man Plus	Pac Man Fever - HBMame.mra	Pac Man Fever - HBMame	pmfever		0217	pacman	2001	Blue Justice
_Pac-Man Plus	Pac Man Green Plus - HBMame.mra	Pac Man Green Plus - HBMame	pmgrenp		0217	pacman	2001	Blue Justice
_Pac-Man Plus	Pacman Plus - HBMame.mra	Pacman Plus - HBMame	pacplus		0217	pacman	1982	[Namco] (Midway license)
_Pac-Man Plus	Pacman Plus After Dark - HBMame.mra	Pacman Plus After Dark - HBMame	pplusad		0217	pacman	2000	[Bally Midway]
_Pac-Man Plus	Vector Pacman Plus - HBMame.mra	Vector Pacman Plus - HBMame	vectplus		0217	pacman	2000	[Bally Midway]
_Pengo	Pengo (Vector sim) - HBMame.mra	Pengo	vecpengo	pengo	0217	pengo	2000	T-Bone
_Pengo	Pengo (set 2).mra	Pengo	pengo2	pengo	0218	pengo	1982	Sega
_Pengo	Pengo (set 4).mra	Pengo	pengo4	pengo	0218	pengo	1982	Sega
_Pengo	Pengo (set 5).mra	Pengo	pengo5	pengo	0218	pengo	1982	Sega
_Penguin-Kun Wars	Penguin-Kun Wars (Japan).mra	Penguin-Kun Wars (Japan)	pkunwarj		0221	PenguinKunWars	1985	UPL
_Performan	Performan (US).mra	Performan	perfrmanu	Performan	0245	Performan	1986	Toaplan
_Phoenix	Ave Fenix (Electrogame, Spanish bootleg of Phoenix).mra	Ave Fenix	avefenix	phoenix	0218	phoenix	1980	Video Game
_Phoenix	Ave Fenix (Laguna, Spanish bootleg of Phoenix).mra	Ave Fenix	avefenixl	phoenix	0218	phoenix	1980	Laguna
_Phoenix	Ave Fenix (Recreativos Franco, Spanish bootleg of Phoenix).mra	Ave Fenix	avefenixrf	phoenix	0218	phoenix	1980	Recreativos Franco S.A.
_Phoenix	Falcon (bootleg of Phoenix) (8085A CPU).mra	Falcon	falcon	phoenix	0218	phoenix	1980	bootleg
_Phoenix	Fenix (Niemer bootleg of Phoenix).mra	Fenix	fenixn	phoenix	0218	phoenix	1980	Niemer
_Phoenix	Next Fase (bootleg of Phoenix).mra	Next Fase	nextfase	phoenix	0218	phoenix	1981	Petaco S.A.
_Phoenix	Phoenix (Amstar, set 2).mra	Phoenix	phoenix2	phoenix	0218	phoenix	1980	Amstar
_Phoenix	Phoenix (Assa, Spanish bootleg).mra	Phoenix	phoenixass	phoenix	0218	phoenix	1981	Amstar
_Phoenix	Phoenix (Centuri, set 1).mra	Phoenix	phoenixa	phoenix	0218	phoenix	1980	Amstar
_Phoenix	Phoenix (Centuri, set 2).mra	Phoenix	phoenixb	phoenix	0218	phoenix	1980	Amstar
_Phoenix	Phoenix (D and L bootleg).mra	Phoenix	phoenixdal	phoenix	0218	phoenix	1980	Amstar
_Phoenix	Phoenix (G. Universal Video bootleg).mra	Phoenix	phoenixgu	phoenix	0218	phoenix	1981	Amstar
_Phoenix	Phoenix (Greek) - HBMame.mra	Phoenix	phoenixg	phoenix	0217	phoenix	1980	Amstar
_Phoenix	Phoenix (Hellomat Automaten bootleg).mra	Phoenix	phoenixha	phoenix	0218	phoenix	1981	Amstar
_Phoenix	Phoenix (Irecsa - G.G.I Corp, set 1).mra	Phoenix	phoenixc	phoenix	0218	phoenix	1981	Amstar
_Phoenix	Phoenix (Irecsa - G.G.I Corp, set 2).mra	Phoenix	phoenixc2	phoenix	0218	phoenix	1981	Amstar
_Phoenix	Phoenix (Irecsa - G.G.I Corp, set 3).mra	Phoenix	phoenixc3	phoenix	0218	phoenix	1981	Amstar
_Phoenix	Phoenix (Irecsa - G.G.I Corp, set 4).mra	Phoenix	phoenixc4	phoenix	0218	phoenix	1981	Amstar
_Phoenix	Phoenix (Sonic, Spanish bootleg).mra	Phoenix	phoenixs	phoenix	0218	phoenix	1981	Amstar
_Phoenix	Phoenix (T.P.N. bootleg).mra	Phoenix	phoenix3	phoenix	0218	phoenix	1980	Amstar
_Phoenix	Phoenix (Taito Japan).mra	Phoenix	phoenixj	phoenix	0218	phoenix	1980	Amstar
_Phoenix	Phoenix (Taito).mra	Phoenix	phoenixt	phoenix	0218	phoenix	1980	Amstar
_Phoenix	PhoenixR (GDR hack) - HBMame.mra	PhoenixR	phoenixr	phoenix	0217	phoenix	2000	CYBERYOGI =CO= Windler
_Phoenix	Vautour (bootleg of Phoenix) (8085A CPU).mra	Vautour	vautour	phoenix	0218	phoenix	1980	Tehkan
_Phoenix	Vautour (bootleg of Phoenix) (Z80 CPU, single PROM).mra	Vautour	vautourza	phoenix	0218	phoenix	1980	Tehkan
_Photo Y2K	Photo Y2K (ver. 102, Japanese Board).mra	Photo Y2K (ver. 102, Japanese Board)	photoy2k102j		288	IGSPGM		
_Photo Y2K	Photo Y2K (ver. 103, Japanese Board).mra	Photo Y2K (ver. 103, Japanese Board)	photoy2k103j		288	IGSPGM		
_Photo Y2K	Photo Y2K (ver. 104).mra	Photo Y2K (ver. 104)	photoy2k104		288	IGSPGM		
_Pickin'	Pickin' (Color Hack) - HBMame.mra	Pickin'	pickinpi	pickin	0217	bagman	1983	Pi
_Pisces	Omni.mra	Omni	omni		0218	galaxian	1982	bootleg
_Pisces	Pisces (bootleg).mra	Pisces	piscesb	pisces	0218	galaxian	1982	bootleg
_Pisces	Starfighter II - HBMame.mra	Starfighter II	starfgh2	starfght	0217	galaxian	1982	bootleg
_Pitfall II	Pitfall II (Unencrypted, Cheat) HBMame.mra	Pitfall II	pitfall2u	pitfall2	0216	segasys1	1985	Sega
_Pleiads	Capitol.mra	Capitol	capitol	capitol	0218	pleiads	1981	Universal Video Spiel
_Pleiads	Pleiads (Centuri).mra	Pleiades	pleiadce	pleiads	0218	pleiads	1981	Tehkan
_Pleiads	Pleiads (Irecsa).mra	Pleiades	pleiadsi	pleiads	0218	pleiads	1981	Tehkan
_Pleiads	Pleiads (Niemer S.A.).mra	Pleiades	pleiadsn	pleiads	0218	pleiads	1981	Tehkan
_Pleiads	Pleiads (Spanish bootleg).mra	Pleiades	pleiadss	pleiads	0218	pleiads	1981	Tehkan
_Pleiads	Pleiads (bootleg set 1).mra	Pleiades	pleiadbl	pleiads	0218	pleiads	1981	Tehkan
_Pleiads	Pleiads (bootleg set 2).mra	Pleiades	pleiadsb2	pleiads	0218	pleiads	1981	Tehkan
_Poly Play 2	Poly Play 2c.mra	Poly Play 2c	polyplay2	polyplay2	0220	polyplay	1985	VEB Polytechnik
_Ponpoko	Candory (Ponpoko bootleg with Mario).mra	Candory	candory	ponpoko	0218	pacman	1982	bootleg
_Ponpoko	Ponpoko (Venture Line).mra	Ponpoko	ponpokov	ponpoko	0218	pacman	1982	Sigma Enterprises Inc.
_Pooyan	Pootan.mra	Pootan	pootan	pooyan	0218	pooyan	1982	Konami
_Pooyan	Pooyan (Stern Electronics).mra	Pooyan	pooyans	pooyan	0218	pooyan	1982	Konami
_Pooyan	Pooyan Tester - HBMame.mra	Pooyan	pooyandiag	pooyan	0217	pooyan	2017	Konami
_Power Instinct 2	Gouketsuji Ichizoku 2 (Japan, Ver. 94.04.08, set 1).mra	Gouketsuji Ichizoku 2 (Japan, Ver. 94.04.08, set 1)	pwrinst2j		0275	cave	1994	Atlus
_Power Instinct 2	Gouketsuji Ichizoku 2 (Japan, Ver. 94.04.08, set 2).mra	Gouketsuji Ichizoku 2 (Japan, Ver. 94.04.08, set 2)	pwrinst2ja		0275	cave	1994	Atlus
_Power Instinct 2	Power Instinct 2 (US, Ver. 94.04.08, set 2).mra	Power Instinct 2 (US, Ver. 94.04.08, set 2)	pwrinst2a		0275	cave	1994	Atlus
_Psychic 5	Psychic 5 (Japan).mra	Psychic 5	psychic5j		0193	Psychic5	1987	Jaleco
_PuLiRuLa	PuLiRuLa (Japan).mra	PuLiRuLa (Japan)	pulirulaj	pulirula	277	TaitoF2	1991	Taito Corporation
_PuLiRuLa	PuLiRuLa (World, single PCB).mra	PuLiRuLa (World, single PCB)	pulirulaa	pulirula	277	TaitoF2	1991	Taito Corporation
_Puzzle & Action Sando-R	Puzzle & Action- BoMulEul Chajara (JUET 970125 V2.00K).mra		thuntk		277	ST-V	1997	Sega / Deniam
_Puzzle & Action Sando-R	Puzzle & Action- Treasure Hunt (JUET 970901 V2.00E).mra		thunt		277	ST-V	1997	Sega
_Puzzle Uo Poko	Puzzle Uo Poko (Japan).mra	Puzzle Uo Poko (Japan)	uopokoj		0226	cave	1998	CAVE
_Q'bert	Mello Yello Q'bert.mra	Mello Yello Q*bert	myqbert	qbert	0198	qbert	1982	Gottlieb
_Q'bert	Q'bert (Japan).mra	Q*bert	qbertj	qbert	0198	qbert	1982	Gottlieb (Konami license)
_Q'bert	Q'bert (US, Set 2).mra	Q*bert	qberta	qbert	0198	qbert	1982	Gottlieb
_Q'bert	Q'bert (early test version).mra	Q*bert	qberttst	qbert	0198	qbert	1982	Gottlieb
_R-Type	R-Type (Japan prototype).mra	R-Type (Japan prototype)	rtypejp	rtype	0245	IremM72	1987	Irem
_R-Type	R-Type (Japan).mra	R-Type (Japan)	rtypej	rtype	0245	IremM72	1987	Irem
_R-Type	R-Type (US).mra	R-Type (US)	rtypeu	rtype	0245	IremM72	1987	Irem
_R-Type	R-Type (World bootleg).mra	R-Type (World bootleg)	rtypeb	rtype	0245	IremM72	1987	Irem
_R-Type II	R-Type II (inv) (World).mra	R-Type II (Inv) (World)	rtype2inv		0245	IremM72	1989	Irem
_R-Type II	R-Type II (Japan).mra	R-Type II (Japan)	rtype2j	rtype2	0245	IremM72	1989	Irem
_R-Type II	R-Type II (Japan, revision C).mra	R-Type II (Japan, revision C)	rtype2jc	rtype2	0245	IremM72	1989	Irem
_R-Type Leo	R-Type Leo (Japan).mra	R-Type Leo (Japan)	rtypeleoj	rtypeleo	0245	IremM92	1992	Irem
_Radar Scope	Radar Scope (rev. C).mra	Radar Scope (rev. C)	radarscpc	radarscp	0227	donkeykong	1980	Nintendo
_Raiden	Raiden (Korea).mra	Raiden (Korea)	raidenk		0264	Raiden	1990	Seibu Kaihatsu
_Raiden	Raiden (Taiwan).mra	Raiden (Taiwan)	raident		0264	Raiden	1990	Seibu Kaihatsu
_Raiden	Raiden (US).mra	Raiden (US set 1)	raidenu		0264	Raiden	1990	Seibu Kaihatsu
_Raiden	Raiden (Japan).mra	Raiden v23	raidenj		0264	Raiden	1990	Seibu Kaihatsu
_Rally-X	New Rally X (bootleg).mra	New Rally-X	nrallyxb	nrallyx	0218	rallyx	1981	Namco
_Rally-X	Rally X (Midway).mra	Rally-X	rallyxm	rallyx	0218	rallyx	1980	Namco
_Rampage	Rampage (Rev 2, 8-4-86).mra	Rampage	rampage2	rampage	0218	mcr3mono	1986	Bally
_Red Baron	Red Baron (Revised Hardware) [Doesn't Work Yet].mra	Red Baron (Revised Hardware)	redbaron		0226	BattleZone	1980	Atari
_Repulse	99 The Last War.mra		99lstwar	repulse	0288	Kyugo	1985	Crux / Proma
_Repulse	Son of Phoenix.mra		sonofphx	repulse	0288	Kyugo	1985	bootleg (Associated Overseas MFR, Inc.)
_Rescue	Apocaljpse Now (bootleg of Rescue).mra	Apocaljpse now	aponow	rescue	0218	scramble	1982	bootleg
_Robotron 2084	Robotron 2084 (1987 'shot-in-the-corner' bugfix).mra	Robotron 2084	robotron87	robotron	0218	robotron	1982	Williams
_Robotron 2084	Robotron 2084 (2012 'wave 201 start' hack).mra	Robotron 2084	robotron12	robotron	0218	robotron	1982	Williams
_Robotron 2084	Robotron 2084 (2015 'tie-die V2' hack).mra	Robotron 2084	robotrontd	robotron	0218	robotron	1982	Williams
_Robotron 2084	Robotron 2084 (Hacked Patched Blue-201) - HBMame.mra	Robotron 2084	robotron201	robotron	0217	robotron	1982	Williams
_Robotron 2084	Robotron 2084 (Patched) - HBMame.mra	Robotron 2084	robotronp	robotron	0217	robotron	1982	Williams
_Robotron 2084	Robotron 2084 (Tie Die) - HBMame.mra	Robotron 2084	robotrontie	robotron	0217	robotron	1982	Williams
_Robotron 2084	Robotron 2084 (Yellow-Orange label).mra	Robotron 2084	robotronyo	robotron	0218	robotron	1982	Williams
_Rygar	Argus no senshi (Japan).mra	Argus no senshi (Japan)	rygarj		0220	tecmo	1986	Tecmo
_S.V.G. - Spectral vs Generation	S.V.G. - Spectral vs Generation (ver. 101HK).mra	S.V.G. - Spectral vs Generation (ver. 101HK)	svghk		288	IGSPGM		
_Salamander	Lifeforce (US).mra	Lifeforce (US)	lifefrce		0266	Salamander	1986	Konami
_Salamander	Salamander (SP version old).mra	Salamander (SP version old)	spcloneo		0000	Salamander	1986	Konami
_Salamander	Salamander (SP version).mra	Salamander (SP version)	spclone		0000	Salamander	1986	Konami
_Salamander	Salamander (version D).mra	Salamander (version D)	salamand		0266	Salamander	1986	Konami
_Sarge	Sarge Exposed - HBMame.mra	Sarge Exposed	sargex	sarge	0217	mcr3mono	2009	Gatinho
_Satan's Hollow	Satan's Hollow (set 2).mra	Satan's Hollow	shollow2	shollow	0218	mcr2	1981	Bally
_Scramble	Impacto (Billport S.A., Spanish bootleg of Scramble).mra	Impacto	scrambp	scramble	0218	scramble	1981	Konami
_Scramble	Kamikaze (Euromatic S.A., Spanish bootleg of Scramble).mra	Kamikaze	kamikazesp	scramble	0218	scramble	1981	Konami
_Scramble	Offender - HBMame.mra	Offender	offender		0217	scramble	1998	Konami
_Scramble	Offensive (Spanish bootleg of Scramble).mra	Offensive	offensiv	scramble	0218	scramble	1981	Konami
_Scramble	Scramble (Centromatic S.A., Spanish bootleg).mra	Scramble	scramce	scramble	0218	scramble	1981	Konami
_Scramble	Scramble (Karateco, French bootleg).mra	Scramble	scramblebf	scramble	0218	scramble	1981	Konami
_Scramble	Scramble (Petaco S.A., Spanish bootleg).mra	Scramble	scrampt	scramble	0218	scramble	1981	Konami
_Scramble	Scramble (bootleg).mra	Scramble	scramblebb	scramble	0218	scramble	1981	Konami
_Scramble	Superdog - HBMame.mra	Superdog	superdog		0217	scramble	1998	Jerky
_Silk Worm	Silk Worm (Japan).mra	Silk Worm (Japan)	silkwormj	silkworm	0220	Tecmo	1988	Tecmo
_Sinistar	Sinistar (prototype version).mra	Sinistar	sinistar1	sinistar	0218	robotron	1982	Williams
_Sinistar	Sinistar (revision 2).mra	Sinistar	sinistar2	sinistar	0218	robotron	1982	Williams
_Solomon's Key	Solomon no Kagi (Japan).mra	Solomon no Kagi	solomonj	solomon	0218	solomonskey	1986	Tecmo
_Solomon's Key	Solomon no Kagi (Translation Chinese) - HBMame.mra	Solomon no Kagi	solomonjs01	solomon	0217	solomonskey	1986	Tecmo
_Space Invaders	Space Invaders (Samples).mra	Space Invaders	invaders	invaders	0226	spaceinvaders	1978	Taito
_Space Invaders	Space Invaders Part II (Midway, Cocktail).mra	Space Invaders Part II	invad2ct	invad2	0226	spaceinvaders	1980	Midway
_Spelunker	Spelunker (Japan).mra	Spelunker	spelunkrj	splunkr	0221	iremm62	1985	Irem
_Sprint 2	Sprint 2 (set 2).mra	Sprint 2	sprint2a	sprint2	0218	sprint2	1976	Atari
_Spy Hunter	Spy Hunter (Playtronic license).mra	Spy Hunter	spyhuntp	spyhunt	0218	mcr3scroll	1983	Bally
_Star Jacker	Star Jacker (Alt).mra	Star Jacker	starjacks	starjack	0216	segasys1	1983	Sega
_Star Jacker	Star Jacker (Stern Electronics).mra	Star Jacker	starjacks	starjack	0216	segasys1	1983	Sega
_StarForce	Megaforce.mra	StarForce	megaforc	starforc	0220	starforce	1984	TEHKAN
_StarForce	megaforcu.mra	StarForce	megaforcu	starforc	0220	starforce	1984	TEHKAN
_Strategy X	Strategy X (Stern Electronics).mra	Strategy X	stratgys	stratgyx	0218	scramble	1981	Konami
_Strategy X	Strong X.mra	Strong X	strongx		0218	scramble	1982	bootleg
_Super Bagman	Super Bagman (Stern Electronics).mra	Super Bagman	sbagmans	sbagman	0218	bagman	1984	Valadon Automation
_Super Bagman	Super Bagman (version 3).mra	Super Bagman	sbagman2	sbagman	0218	bagman	1984	Valadon Automation
_Super Breakout	Super Breakout (Cocktail, prototype).mra	Super Breakout	sbrkoutct	sbrkout	0218	superbreakout	1978	Atari
_Super Cobra	Super Cobra (Sega).mra	Super Cobra	scobrase	scobra	0218	scramble	1981	Konami
_Super Cobra	Super Cobra (Stern Electronics).mra	Super Cobra	scobras	scobra	0218	scramble	1981	Konami
_Super Cobra	Super Cobra (bootleg, set 2).mra	Super Cobra	scobrag	scobra	0218	scramble	1981	Konami
_Super Cobra	Super Cobra (bootleg, set 3).mra	Super Cobra	scobraggi	scobra	0218	scramble	1981	Konami
_Super Cobra	Super Heli (Super Cobra bootleg).mra	Super Heli (Super Cobra bootleg)	suprheli	scobra	0218	scramble	1981	Konami
_Super Glob	Beastie Feastie (Pac-Man Conversion).mra	Beastie Feastie	beastfp	suprglob	0220	pacman	1984	Epos Corporation
_Super Glob	The Glob (Pac-Man Hardware).mra	The Glob	theglobp	suprglob	0220	pacman	1983	Epos Corporation
_Super Locomotive	Super Locomotive (old).mra	Super Locomotive	suprlocoo		0266	SuprLoco	1982	Sega
_Super Major League	Final Arch (J 950714 V1.001).mra		finlarch		277	ST-V	1995	Sega
_Super Pac-Man	Super Pac-Man (Midway).mra	Super Pac-Man	superpacm	superpac	0220	druaga	1982	Namco (Bally Midway license)
_Super Real Mahjong VS	Super Real Mahjong VS.mra	Super Real Mahjong VS	srmvsa	srmvs	0287	Aleck64	1999	Seta
_Super Space Invaders '91	Majestic Twelve - The Space Invaders Part IV (Japan).mra	Majestic Twelve - The Space Invaders Part IV (Japan)	majest12j	ssi	277	TaitoF2	1990	Taito Corporation
_Super Space Invaders '91	Majestic Twelve - The Space Invaders Part IV (US, earlier code base).mra	Majestic Twelve - The Space Invaders Part IV (US, earlier code base)	majest12ub	ssi	277	TaitoF2	1990	Taito America Corporation
_Super Space Invaders '91	Majestic Twelve - The Space Invaders Part IV (US, revised code).mra	Majestic Twelve - The Space Invaders Part IV (US, revised code)	majest12ua	ssi	277	TaitoF2	1990	Taito America Corporation
_Super Space Invaders '91	Majestic Twelve - The Space Invaders Part IV (US, revised code, Rev 1).mra	Majestic Twelve - The Space Invaders Part IV (US, revised code, Rev 1)	majest12u	ssi	277	TaitoF2	1990	Taito America Corporation
_Super Space Invaders '91	Super Space Invaders '91 (World, earlier code base).mra	Super Space Invaders '91 (World, earlier code base)	ssib	ssi	277	TaitoF2	1990	Taito Corporation Japan
_Super Space Invaders '91	Super Space Invaders '91 (World, revised code).mra	Super Space Invaders '91 (World, revised code)	ssia	ssi	277	TaitoF2	1990	Taito Corporation Japan
_Taisen Tanto-R Sashissu!!	DaeJeon! SanJeon SuJeon (AJTUE 990412 V1.000).mra		sanjeon		277	ST-V	1999	Sega / Deniam
_Tapper	Tapper (Budweiser, 1-27-84 - Alternate graphics).mra	Tapper	tapperg	tapper	0218	mcr3	1983	Bally
_Tapper	Tapper (Budweiser, 12-9-83).mra	Tapper	tappera	tapper	0218	mcr3	1983	Bally
_Tapper	Tapper (Budweiser, Date Unknown).mra	Tapper	tapperb	tapper	0218	mcr3	1983	Bally
_Tapper	Tapper (Root Beer).mra	Tapper	rbtapper	tapper	0218	mcr3	1983	Bally
_Tapper	Tapper (Simpsons Hack ver.81) - HBMame.mra	Tapper	stapper1	tapper	0217	mcr3	1983	Bally
_Tapper	Tapper (Simpsons Hack) - HBMame.mra	Tapper	stapper	tapper	0217	mcr3	1983	Bally
_Tapper	Tapper (Suntory).mra	Tapper	sutapper	tapper	0218	mcr3	1983	Bally
_Tecmo World Cup '98	Tecmo World Soccer '98 (JUET 980410 V1.000).mra		twsoc98		277	ST-V	1998	Tecmo
_Tetris (Atari)	Tetris (bootleg set 1).mra	Tetris	atetrisb	atetris	0218	ataritetris	1988	Atari
_Tetris (Atari)	Tetris (cocktail set 1).mra	Tetris	atetrisc	atetris	0218	ataritetris	1989	Atari
_Tetris (Atari)	Tetris (cocktail set 2).mra	Tetris	atetrisc2	atetris	0218	ataritetris	1989	Atari
_Tetris (Atari)	Tetris (set 2).mra	Tetris	atetrisa	atetris	0218	ataritetris	1988	Atari
_The End	The End (Stern Electronics).mra	The End	theends	theend	0218	scramble	1980	Konami
_The End	The End (bkg).mra	The End	theend	theend	0220	scramble	1980	Konami
_The Gladiator	The Gladiator (ver. 100).mra	The Gladiator (ver. 100)	theglad100		288	IGSPGM		
_The Gladiator	The Gladiator (ver. 101).mra	The Gladiator (ver. 101)	theglad101		288	IGSPGM		
_The Gladiator	The Gladiator (ver. 104).mra	The Gladiator (ver. 104)	theglad104		288	IGSPGM		
_The Ninja Kids	The Ninja Kids (Japan).mra	The Ninja Kids (Japan)	ninjakj	ninjak	277	TaitoF2	1990	Taito Corporation
_The Ninja Kids	The Ninja Kids (US).mra	The Ninja Kids (US)	ninjaku	ninjak	277	TaitoF2	1990	Taito America Corporation
_The Ninja Warriors	The Ninja Warriors (Japan).mra	The Ninja Warriors (Japan)	ninjawj		0264	Darius2NinjaWarriors	1987	Taito Corporation
_The Ninja Warriors	The Ninja Warriors (US, Romstar license).mra	The Ninja Warriors (US, Romstar license)	ninjawu		0264	Darius2NinjaWarriors	1987	Taito Corporation America (licensed to Romstar)
_The Ninja Warriors	The Ninja Warriors (World, earlier version).mra	The Ninja Warriors (World, earlier version)	ninjaw1		0264	Darius2NinjaWarriors	1987	Taito Corporation
_The Tower of Druaga	The Tower of Druaga (Old Ver.).mra	The Tower of Druaga	todruagao	todruaga	0218	druaga	1984	Namco
_The Tower of Druaga	The Tower of Druaga (Sidam).mra	The Tower of Druaga	todruagas	todruaga	0218	druaga	1984	Namco
_Thunder Fox	Thunder Fox (Japan, rev 1).mra	Thunder Fox (Japan, rev 1)	thundfoxj	thundfox	277	TaitoF2	1990	Taito Corporation
_Thunder Fox	Thunder Fox (US, rev 1).mra	Thunder Fox (US, rev 1)	thundfoxu	thundfox	277	TaitoF2	1990	Taito America Corporation
_Thunder Heroes	Thunder Heroes (set 2).mra	Thunder Heroes (set 2)	theroesa		0226	cave	2001	CAVE
_Time Pilot	Space Pilot.mra	Space Pilot	spaceplt	spaceplt	0218	timepilot	1982	bootleg
_Time Pilot	Time Pilot (Atari).mra	Time Pilot	timeplta	timeplt	0218	timepilot	1982	Konami
_Time Pilot	Time Pilot (Centuri).mra	Time Pilot	timepltc	timeplt	0218	timepilot	1982	Konami
_Time Pilot '84	Time Pilot '84 (Set 2).mra	Time Pilot '84	tp84a	tp84	0224	TimePilot84	1984	Konami
_Time Pilot '84	Time Pilot '84 (Set 3).mra	Time Pilot '84	tp84b	tp84	0224	TimePilot84	1984	Konami
_Traverse USA	MotoTour - Zippy Race (Tecfri license).mra	MotoTour- Zippy Race (Tecfri license)	mototour		0218	traverseusa	1983	Irem
_Traverse USA	Traverse USA (bootleg).mra	Traverse	travrusab	travrusa	0218	traverseusa	1983	Irem
_Trio The Punch	Trio The Punch (Japan).mra	Trio The Punch - Never Forget Me... (Japan)	triothepj		0264	TrioThePunch	1989	Data East Corporation
_Tron	Handi-Man in Cyberworld - HBMame.mra	Handi-Man in Cyberworld	handiman	handiman	0217	mcr2	1998	Bobby Tribble
_Tron	Satan's Hollow (Tron Hardware) - HBMame.mra	Satan's Hollow	shtron	shollow	0217	mcr2	2004	Bally
_Tron	Tron (5-12).mra	Tron	tron5	tron	0218	mcr2	1982	Bally
_Tron	Tron (6-15).mra	Tron	tron4	tron	0218	mcr2	1982	Bally
_Tron	Tron (6-17).mra	Tron	tron3	tron	0218	mcr2	1982	Bally
_Tron	Tron (6-25).mra	Tron	tron2	tron	0218	mcr2	1982	Bally
_Tron	Tron (Germany).mra	Tron	tronger	tron	0218	mcr2	1982	Bally
_Tropical Angel	New Tropical Angel.mra	New Tropical Angel	newtangl	troangel	0222	TropicalAngel	1983	Irem
_Tutankham	Tutankham (Bootleg).mra	Tutankham (Bootleg)	tutankhmb	tutankhm	0220	Tutankham	1982	Bootleg
_Tutankham	Tutankham (Stern).mra	Tutankham (Stern)	tutankhms	tutankhm	0220	Tutankham	1982	Stern
_Undercover Cops	Undercover Cops (Japan).mra	Undercover Cops (Japan)	uccopsj		0245	IremM92	1992	Irem
_Undercover Cops	Undercover Cops (US).mra	Undercover Cops (US)	uccopsu	uccops	0245	IremM92	1992	Irem
_Undercover Cops	Undercover Cops - Alpha Renewal Version (US).mra	Undercover Cops - Alpha Renewal Version (US)	uccopsaru	uccops	0245	IremM92	1992	Irem
_Undercover Cops	Undercover Cops - Alpha Renewal Version (World).mra	Undercover Cops - Alpha Renewal Version (World)	uccopsar	uccops	0245	IremM92	1992	Irem
_UniWar S	Ataque Sideral (Spanish bootleg of UniWar S).mra	Ataque Sideral	asideral	uniwars	0218	galaxian	1980	Electrogame S.A.
_UniWar S	Galaxy Empire (bootleg).mra	Galaxy Empire	galemp	galaxian	0218	galaxian	1980	Taito do Brasil
_UniWar S	Gingateikoku no Gyakushu (bootleg set 1).mra	Gingateikoku no Gyakushu	gteikokub	gteikoku	0218	galaxian	1980	bootleg
_UniWar S	Gingateikoku no Gyakushu (bootleg set 2).mra	Gingateikoku no Gyakushu	gteikokub2	gteikoku	0218	galaxian	1980	bootleg
_UniWar S	Gingateikoku no Gyakushu (bootleg set 3).mra	Gingateikoku no Gyakushu	gteikokub3	gteikoku	0218	galaxian	1980	Honly
_UniWar S	Gingateikoku no Gyakushu.mra	Gingateikoku no Gyakushu	gteikoku	gteikoku	0218	galaxian	1980	Irem
_UniWar S	Pajaro del Espacio (Spanish bootleg of UniWar S).mra	Pajaro del Espacio	pajaroes	uniwars	0218	galaxian	1980	PSV S.A.
_UniWar S	Sky Raider (Uniwars bootleg).mra	Sky Raider	skyraidr	uniwars	0218	galaxian	1980	bootleg
_UniWar S	Space Battle (bootleg set 1).mra	Space Battle	spacbatt	spacbat	0218	galaxian	1980	bootleg
_UniWar S	Space Battle (bootleg set 2).mra	Space Battle	spacbat2	spacbat	0218	galaxian	1980	bootleg
_UniWar S	Space Empire (bootleg).mra	Space Empire	spacempr		0218	galaxian	1980	bootleg
_UniWar S	UniWar S (bootleg).mra	UniWar S	uniwarsa	uniwars	0218	galaxian	1980	Irem
_V'Ball	V'Ball (US) [bl].mra	U.S. Championship V'ball	vballb	vball	0229	vball	1988	Technos Japan
_Van-Van Car	Van-Van Car (Karateco set 1).mra	Van-Van Car	vanvank	vanvan	0218	pacman	1983	Sanritsu
_Van-Van Car	Van-Van Car (Karateco set 2).mra	Van-Van Car	vanvanb	vanvan	0218	pacman	1983	Sanritsu
_Vindicators Part II	Vindicators Part II (rev 1).mra	Vindicators Part II	vindctr2r1	vindctr2	0225	gauntlet	1985	Atari
_Vindicators Part II	Vindicators Part II (rev 2).mra	Vindicators Part II	vindctr2r2	vindctr2	0225	gauntlet	1985	Atari
_War of the Bugs	War of the Bugs or Monsterous Manouvers in a Mushroom Maze (US).mra	War of the Bugs or Monsterous Manouvers in a Mushroom Maze	warofbugu	warofbug	0218	galaxian	1981	Armenia
_X Multiply	X Multiply (Inv) (Japan, M72 hardware).mra	X Multiply (Inv) (Japan, M72 hardware)	xmultiplm72inv	xmultipl	0245	IremM72	1989	Irem
_Xain'd Sleena	Xain'd Sleena (bootleg, set 1).mra	Xaind Sleena (Bootleg B)	xsleenab		0193	XSleena	1986	Technos
_Xevious	Battles (set 2).mra	Battles	battles2	battles	0218	xevious	1982	bootleg
_Xevious	Gaous - HBMame.mra	Gaous	gaous		0217	xevious	2005	Namco
_Xevious	Xevios.mra	Xevios	xevios	xevious	0218	xevious	1982	Namco
_Xevious	Xevious 2002 - HBMame.mra	Xevious 2002	xevioush	xevious	0217	xevious	1982	Namco
_Xevious	Xevious 2003 - HBMame.mra	Xevious 2003	xevious3	xevious	0217	xevious	1982	Namco
_Xevious	Xevious 2004 - HBMame.mra	Xevious 2004	xevious4	xevious	0217	xevious	1982	Namco
_Xevious	Xevious 2005 - HBMame.mra	Xevious 2005	xevious5	xevious	0217	xevious	1982	Namco
_Xevious	Xevious Black - HBMame.mra	Xevious Black	xeviblk	xevious	0217	xevious	1982	Namco
_Zig Zag	Zig Zag (Dig Dug conversion on Galaxian hardware, bootleg set 2).mra	Zig Zag	zigzagb2	digdug	0220	zigzag	1982	Bootleg
